cluster_id,n_products,lab_l,lab_a,lab_b,hex_color,hue_angle,freq_pct,freq_deviation_pp,n_discounted,freq_z,freq_pval,freq_testable,depth_pct,depth_deviation_pp,n_discounted_depth,depth_t,depth_pval,depth_testable,r,g,b,freq_significant,depth_significant
1,43,17.78,10.77,1.78,#3b2529,9.4,37.2093023255814,-4.974189450486205,16.0,-0.6604795223997623,0.5089461552817495,True,28.582767722473605,3.924868502027035,16,1.4349849230773626,0.17181331935083544,True,0.2322,0.1481,0.162,False,False
2,181,12.29,12.34,2.78,#31191c,12.7,45.30386740331492,3.120375627247318,82.0,0.8500588081923822,0.39529239148524054,True,23.72539885255093,-0.9325003678956385,82,-0.9100530170636165,0.36549469686077396,True,0.1923,0.0994,0.1125,False,False
3,242,9.27,9.41,1.6,#261518,9.6,46.28099173553719,4.097499959469592,112.0,1.2907122986551982,0.1968034584152224,True,24.681237503111838,0.02333828266526794,112,0.023372818143926104,0.9813948524933332,True,0.1514,0.0832,0.0948,False,False
4,26,19.1,4.14,6.49,#372c25,57.5,7.6923076923076925,-34.491184083759904,2.0,-3.5612100088871963,0.00036914966899877894,True,,,2,,,False,0.2187,0.1726,0.1457,True,False
5,117,24.19,6.23,7.41,#46352e,49.9,47.863247863247864,5.679756087180266,56.0,1.2440144468507153,0.21349424593495736,True,25.848824214353897,1.190924993907327,56,0.9372916908313155,0.3527062655929329,True,0.2771,0.2114,0.1831,False,False
6,88,13.02,4.77,2.9,#291f1d,31.3,46.590909090909086,4.407417314841489,41.0,0.8371982597316134,0.4024811355285899,True,26.820624240725166,2.1627250202785966,41,1.743514946491966,0.08892617786181312,True,0.1633,0.1223,0.1166,False,False
7,81,21.46,3.94,2.26,#3a3130,29.8,29.629629629629626,-12.553862146437972,24.0,-2.2878243191588563,0.02214775400422069,True,23.209475709475708,-1.448423510970862,24,-0.9802437009729542,0.3371650423791524,True,0.2302,0.1937,0.1893,False,False
8,65,17.96,2.48,2.93,#312a27,49.8,47.69230769230769,5.508815916240096,31.0,0.8993272352704845,0.3684783846208617,True,27.134913877889947,2.4770146574433767,31,1.2188925972957045,0.2323829954546989,True,0.1932,0.167,0.1561,False,False
9,180,20.0,2.2,-3.07,#312f34,305.6,47.22222222222222,5.038730446154621,85.0,1.3688636332389335,0.17104190539098596,True,27.45412867478717,2.796229454340601,85,2.3685646691405466,0.020152357088047454,True,0.1942,0.186,0.2069,False,False
10,40,25.37,4.45,-3.71,#403a41,320.1,60.0,17.8165082239324,24.0,2.2816834676878175,0.022508034826414648,True,26.97201178451179,2.314112564065219,24,1.5651233617496434,0.1312101210939098,True,0.2528,0.228,0.258,False,False
11,193,27.16,0.69,-1.44,#403f42,295.7,41.968911917098445,-0.214579858969155,81.0,-0.06036294462465297,0.9518665707225249,True,26.04707068248276,1.3891714620361917,81,1.4844998786701167,0.14160602505919836,True,0.2518,0.2506,0.2601,False,False
12,540,20.46,0.35,-1.26,#303133,285.4,32.592592592592595,-9.590899183475004,176.0,-4.512934321482239,6.393682612126312e-06,True,23.51854512215083,-1.1393540982957404,176,-1.7372403190228183,0.08410417472881279,True,0.1919,0.1929,0.2004,True,False
13,24,18.66,-3.05,7.14,#2d2e23,113.2,37.5,-4.6834917760676,9.0,-0.4645989138638273,0.6422187102324183,True,,,9,,,False,0.1768,0.182,0.1375,False,False
14,69,13.73,-1.39,1.47,#212320,133.5,30.434782608695656,-11.748709167371945,21.0,-1.9761390759594408,0.0481390277833751,True,22.501316641158063,-2.156582579288507,21,-0.798956075491519,0.4337020727193493,True,0.133,0.1394,0.1293,False,False
15,2435,5.62,0.05,-1.55,#111214,271.8,29.281314168377826,-12.902177607689774,713.0,-12.89185185096005,5.002789775018319e-38,True,23.807638884045893,-0.8502603364006767,713,-2.415126338963939,0.015980686959409,True,0.0677,0.0724,0.0814,True,False
16,4809,10.07,1.05,-1.56,#1c1b1d,304.0,40.54897067997505,-1.6345210960925505,1950.0,-2.2952010086720542,0.021721607419447134,True,25.619879459800554,0.9619802393539842,1950,4.557828484207702,5.489081858508891e-06,True,0.1102,0.1068,0.1165,False,True
17,725,15.54,0.25,-0.58,#262627,293.2,29.931034482758623,-12.252457293308977,217.0,-6.6802852607056575,2.3847758770723728e-11,True,24.128600803472203,-0.5292984169743669,217,-0.9522571582567719,0.34203094334333,True,0.1521,0.1518,0.1553,True,False
18,1426,15.13,1.66,-1.97,#272528,310.2,40.04207573632538,-2.1414160397422166,571.0,-1.6374333119464863,0.10153996255064757,True,25.817650801425504,1.1597515809789343,571,3.008440230849854,0.0027418650745137637,True,0.1533,0.1462,0.1597,False,True
19,26,20.54,18.79,-0.11,#4a2632,359.7,30.76923076923077,-11.41426100683683,8.0,-1.1785208777664855,0.23858901410347788,True,,,8,,,False,0.2931,0.1503,0.1967,False,False
20,78,24.3,19.12,6.23,#562d31,18.0,39.743589743589745,-2.4399020324778586,31.0,-0.4363374582831968,0.6625919081717384,True,29.43727598566308,4.779376765216512,31,2.4954215498752745,0.01830941248491092,True,0.3408,0.1802,0.1928,False,False
21,46,17.24,26.57,8.39,#4e171f,17.5,19.565217391304348,-22.61827438476325,9.0,-3.1062842269493984,0.0018945451795915173,True,,,9,,,False,0.3067,0.0911,0.1238,True,False
22,108,15.78,19.34,7.68,#421b1d,21.7,51.85185185185185,9.66836007578425,56.0,2.0345459435849227,0.04189658126685131,True,24.39743282370419,-0.26046639674238037,56,-0.23046319308776209,0.818586951225531,True,0.2611,0.1063,0.1148,False,False
23,239,17.16,14.15,5.32,#3f2223,20.6,47.28033472803347,5.096842951965874,113.0,1.5955227821756135,0.11059537958738486,True,25.89134390189992,1.2334446814533493,113,1.3717555519406666,0.17288120088295955,True,0.2481,0.1336,0.1379,False,False
24,39,12.94,20.26,0.74,#3a1421,2.1,7.6923076923076925,-34.491184083759904,3.0,-4.36157369433299,1.2913028713889547e-05,True,,,3,,,False,0.2299,0.0812,0.1295,True,False
25,18,18.21,37.01,-1.3,#590a2f,358.0,55.55555555555556,13.372063779487958,10.0,1.1487816750330457,0.2506460174354358,True,21.10798240660941,-3.549916813837161,10,-2.545433083435779,0.031429362526747474,True,0.3498,0.0401,0.1861,False,False
26,20,18.21,28.04,-5.93,#4d1935,348.1,60.0,17.8165082239324,12.0,1.6133938525232927,0.10665896788071023,True,15.220969089390138,-9.436930131056432,12,-11.596265534213034,1.6523934977916696e-07,True,0.304,0.0988,0.2104,False,True
27,10,23.33,37.14,-20.48,#5d1c56,331.1,,,,,,False,,,2,,,False,0.367,0.1119,0.3403,False,False
28,48,27.42,41.95,-10.74,#731e52,345.6,45.83333333333333,3.6498415572657317,22.0,0.5120323941086655,0.6086283381504888,True,29.62684537684538,4.968946156398811,22,2.1541915982241227,0.04299125853661069,True,0.453,0.1195,0.3221,False,False
29,52,24.38,32.03,9.31,#67212d,16.2,42.30769230769231,0.12420053162470746,22.0,0.018135433197728607,0.9855308109904983,True,31.191504148025896,6.533604927579326,22,2.5560850474440313,0.018398385138091215,True,0.4043,0.1328,0.178,False,False
30,3,31.96,29.61,-4.43,#733752,351.5,,,,,,False,,,1,,,False,0.4513,0.2182,0.3251,False,False
31,33,32.47,40.66,4.79,#852b46,6.7,42.42424242424242,0.2407506481748256,14.0,0.028004462553432648,0.9776585919411205,True,27.03499370762798,2.3770944871814095,14,1.43495891639136,0.1749178622060649,True,0.5248,0.1721,0.2763,False,False
32,40,22.7,9.59,-10.63,#3d3146,312.0,55.00000000000001,12.816508223932404,22.0,1.6413550040489953,0.10072374442946036,True,24.856206293706293,0.1983070732597234,22,0.10800799499358985,0.9150146618676088,True,0.2394,0.1959,0.2747,False,False
33,37,28.17,11.2,-12.39,#4a3d55,312.1,48.64864864864865,6.465156872581051,18.0,0.7963110396072414,0.4258512705392149,True,28.1325464658798,3.4746472454332284,18,2.2546834875076467,0.03763194773661355,True,0.2931,0.2405,0.3355,False,False
34,47,37.16,3.2,-14.02,#50566d,282.9,31.914893617021278,-10.268598159046322,15.0,-1.4254857994355679,0.15401682211216638,True,26.957142857142856,2.2992436366962856,15,1.29008973759525,0.2179221714620508,True,0.3153,0.3403,0.4308,False,False
35,11,31.19,3.66,-8.52,#484856,293.2,,,,,,False,,,5,,,False,0.2849,0.2827,0.3397,False,False
36,11,36.56,5.86,-3.45,#5d535b,329.5,,,,,,False,,,8,,,False,0.3653,0.3259,0.3593,False,False
37,227,15.96,4.25,-15.09,#20263d,285.7,46.25550660792951,4.072014831861914,105.0,1.2422960008049477,0.21412737035493679,True,25.851475633901646,1.1935764134550766,105,1.244818832517274,0.21599613031740103,True,0.1281,0.152,0.2392,False,False
38,306,9.89,2.14,-11.48,#141b2a,280.5,45.751633986928105,3.568142210860503,140.0,1.2638795176480635,0.20627327447957655,True,24.05299761542346,-0.6049016050231089,140,-0.6945968227575142,0.48846738218928903,True,0.0798,0.1062,0.1672,False,False
39,131,17.27,2.35,-12.24,#232a3b,280.9,50.38167938931297,8.198187613245372,66.0,1.900011843033037,0.057431565468965114,True,24.200360371056696,-0.45753884938987355,66,-0.42862934426629057,0.6696101379648607,True,0.1389,0.1655,0.2349,False,False
40,324,12.77,2.77,-10.79,#1c202f,284.4,40.74074074074074,-1.4427510353268613,132.0,-0.5258558468477318,0.5989883685705572,True,22.67481895828857,-1.9830802621580013,132,-2.327528225275526,0.0214702307612293,True,0.111,0.1276,0.1879,False,False
41,22,8.51,12.07,-17.13,#1b132f,305.2,54.54545454545454,12.361962769386942,12.0,1.1740905135698454,0.2403587728013984,True,25.88141025641026,1.2235110359636892,12,0.40841975198960734,0.6908033645738065,True,0.1091,0.0774,0.186,False,False
42,52,13.26,19.21,-25.69,#271946,306.8,63.46153846153846,21.27804668547086,33.0,3.1069641103351135,0.001890193450566039,True,23.68476430976431,-0.9731349106822584,33,-0.702308538970303,0.4875643213784692,True,0.156,0.0998,0.2751,True,False
43,89,12.95,9.54,-26.27,#111f46,290.0,25.842696629213485,-16.340795146854113,23.0,-3.121555035195937,0.0017989861910621579,True,25.06515223906528,0.4072530186187109,23,0.18843443572113872,0.8522634845916235,True,0.0685,0.1221,0.275,True,False
44,34,30.17,5.14,-24.27,#35466c,282.0,23.52941176470588,-18.654080011361717,8.0,-2.202500933134281,0.0276299432876781,True,,,8,,,False,0.2111,0.276,0.4262,False,False
45,42,31.88,6.99,-18.59,#454868,290.6,64.28571428571429,22.10222250964669,27.0,2.9004367506286393,0.003726430347802107,True,24.938264924376035,0.2803657039294656,27,0.17231798024174916,0.8645218776945566,True,0.2741,0.2854,0.4081,True,False
46,77,24.77,3.25,-12.42,#353a4d,284.7,51.94805194805194,9.764560171984343,40.0,1.7350055003619058,0.08273983096749994,True,24.981206293706297,0.32330707325972696,40,0.21899953716212836,0.8277925042165479,True,0.2095,0.2277,0.3035,False,False
47,66,27.93,0.02,-15.38,#324259,270.1,36.36363636363637,-5.819855412431235,24.0,-0.9573857749687539,0.33837257567477375,True,24.1480833980834,-0.5098158223631692,24,-0.31330084739968467,0.7568756306936505,True,0.1981,0.2627,0.3503,False,False
48,15,27.86,31.29,-38.85,#4f317e,308.9,40.0,-2.183491776067598,6.0,-0.17123794110059234,0.8640366753751323,True,,,6,,,False,0.3109,0.1933,0.4948,False,False
49,8,30.52,21.01,-32.49,#4b3e7a,302.9,,,,,,False,,,3,,,False,0.2967,0.2452,0.4815,False,False
50,52,25.06,15.03,-24.92,#3d3561,301.1,32.69230769230769,-9.491184083759908,17.0,-1.3858776018647192,0.16578428120256272,True,15.877100840336134,-8.780798380110436,17,-9.235132405508846,8.213237684922243e-08,True,0.2395,0.2091,0.3813,False,True
51,152,20.26,6.89,-20.98,#272f4f,288.2,31.57894736842105,-10.604544407646548,48.0,-2.647382028806939,0.008111765692429527,True,26.16433155715237,1.5064323367057995,48,1.6754814427223181,0.10048131639719057,True,0.1544,0.1848,0.3121,True,False
52,81,23.09,18.91,-44.42,#16317a,293.1,56.79012345679012,14.60663168072252,46.0,2.6619224259711203,0.00776957821743182,True,24.791144501278772,0.13324528083220244,46,0.09852424556107563,0.9219535919168172,True,0.0894,0.1938,0.4802,True,False
53,85,19.54,13.52,-34.36,#1a2b61,291.5,32.94117647058823,-9.242315305479366,28.0,-1.7254129400267209,0.0844530809668084,True,26.19594953365962,1.5380503132130485,28,0.771689942185761,0.4469999407919142,True,0.1037,0.1709,0.384,False,False
54,37,37.75,49.67,-15.9,#963073,342.2,45.94594594594595,3.7624541698783487,17.0,0.46342012275014094,0.6430632576621622,True,28.200190332543276,3.5422911120967058,17,1.5756925128062225,0.13466071913057256,True,0.5917,0.189,0.4532,False,False
55,103,33.3,46.19,-15.59,#862967,341.3,51.45631067961165,9.27281890354405,53.0,1.9056063787195057,0.056701293928012694,True,26.430725459027347,1.7728262385807767,53,1.215591075119522,0.22963082660580558,True,0.5265,0.1609,0.4073,False,False
56,27,44.51,54.25,-19.75,#ad3c8b,340.0,25.925925925925924,-16.257565850141674,7.0,-1.7105674795778376,0.0871609866123293,True,,,7,,,False,0.682,0.2391,0.546,False,False
57,15,42.45,48.74,-28.91,#9a4094,329.3,53.333333333333336,11.149841557265733,8.0,0.874414061363013,0.38189280249826574,True,,,8,,,False,0.6057,0.2529,0.5831,False,False
58,32,43.72,25.63,-9.17,#895777,340.3,78.125,35.9415082239324,25.0,4.116935795060358,3.8394297535470815e-05,True,28.172549019607846,3.514649799161276,25,1.9673065143341946,0.06081004236867885,True,0.5403,0.3438,0.4668,True,False
59,70,45.82,21.35,-0.86,#8e5f6e,357.7,61.42857142857143,19.245079652503833,43.0,3.2604049233467793,0.0011125325952145019,True,26.858392975014045,2.200493754567475,43,1.387961668758076,0.17246807208471895,True,0.557,0.3739,0.4337,True,False
60,11,41.75,11.45,2.51,#765b5e,12.3,,,,,,False,,,1,,,False,0.4652,0.3601,0.3717,False,False
61,19,36.17,17.49,-0.44,#6f4a56,358.6,57.89473684210527,15.711245066037666,11.0,1.3867245707165987,0.16552576529156082,True,28.24754193175246,3.5896427113058884,11,1.153499269253128,0.27553024132518933,True,0.4378,0.2933,0.3384,False,False
62,33,40.0,16.13,6.4,#7b5454,21.6,24.242424242424242,-17.941067533643356,8.0,-2.086930846182697,0.036894386097384935,True,,,8,,,False,0.4824,0.3307,0.3313,False,False
63,74,49.7,66.2,9.16,#d93269,7.9,43.24324324324324,1.0597514671756458,32.0,0.184596173259728,0.8535457876576129,True,25.843125684181718,1.1852264637351482,32,0.7292870558330861,0.4713007168616615,True,0.8517,0.1996,0.4147,False,False
64,66,46.43,64.07,13.1,#cd2b5b,11.6,33.33333333333333,-8.85015844273427,22.0,-1.4558808078281482,0.14542557202327647,True,26.51681651681652,1.858917296369949,22,0.90849312468802,0.3739264282121921,True,0.8061,0.1708,0.3581,False,False
65,8,52.77,45.25,4.97,#c55b77,6.3,,,,,,False,,,3,,,False,0.7754,0.3579,0.4676,False,False
66,49,53.07,51.53,-8.45,#c9568e,350.7,44.89795918367347,2.7144674076058695,22.0,0.384756068900086,0.7004181499942237,True,26.57548299653563,1.9175837760890602,22,0.9755032219262443,0.3404148564152142,True,0.7884,0.3387,0.5596,False,False
67,54,45.61,49.73,-11.1,#af447f,347.4,48.148148148148145,5.964656372080546,26.0,0.88753423872765,0.37479134093331035,True,26.235651345558463,1.5777521251118927,26,0.7859094836123068,0.4393063909605628,True,0.689,0.27,0.5011,False,False
68,41,46.0,43.21,3.71,#ae4b68,4.9,36.58536585365854,-5.598125922409064,15.0,-0.7258341520416268,0.4679404476728355,True,23.300473405736565,-1.3574258147100053,15,-0.6931789969517644,0.49953622435790174,True,0.6857,0.2978,0.4094,False,False
69,50,39.49,40.58,4.64,#993e57,6.5,38.0,-4.1834917760676,19.0,-0.5989998713300004,0.5491729703730067,True,23.696817802080957,-0.9610814183656124,19,-0.5680634431789883,0.5770102147379591,True,0.6013,0.2434,0.3415,False,False
70,62,40.06,58.44,13.57,#b3214b,13.1,41.935483870967744,-0.24800790509985626,26.0,-0.03954250479999372,0.9684578660697578,True,26.140522875817,1.4826236553704284,26,0.8161188034979439,0.4221406506800542,True,0.7037,0.1328,0.2953,False,False
71,10,48.13,23.6,14.54,#9e625a,31.6,,,,,,False,,,6,,,False,0.6226,0.3856,0.3564,False,False
72,4,43.0,37.11,15.79,#a2494d,23.1,,,,,,False,,,0,,,False,0.6378,0.2894,0.3034,False,False
73,26,21.81,27.67,15.28,#5c201f,28.9,19.230769230769234,-22.952722545298368,5.0,-2.369865443326841,0.017794559969063723,True,,,5,,,False,0.3641,0.1263,0.1218,True,False
74,22,26.39,23.26,21.95,#652e1e,43.3,68.18181818181817,25.99832640575058,15.0,2.469218599919626,0.013540847156252478,True,21.176638176638175,-3.481261043808395,15,-1.2342705188969088,0.23741981502307158,True,0.3977,0.1825,0.1177,True,False
75,48,27.68,23.28,14.48,#67312c,31.9,54.166666666666664,11.983174890599063,26.0,1.681106873267365,0.09274215759511063,True,27.24238568273563,2.5844864622890604,26,1.431013882243981,0.16480864638904927,True,0.4044,0.1953,0.1737,False,False
76,97,26.83,13.12,15.01,#583729,48.8,47.42268041237113,5.239188636303532,46.0,1.0448470236582446,0.2960936775675872,True,23.36334522440383,-1.2945539960427404,46,-0.9408557086760175,0.3518022557328452,True,0.348,0.2169,0.1613,False,False
77,22,16.25,11.92,11.33,#3c2118,43.5,63.63636363636363,21.452871860296035,14.0,2.037509237803033,0.04159903716272056,True,23.623344074471895,-1.0345551459746751,14,-0.39047306255731423,0.7025101158646287,True,0.2369,0.1307,0.097,False,False
78,37,21.35,16.59,14.58,#4f281e,41.3,67.56756756756756,25.384075791499967,25.0,3.126547457606944,0.0017687195493224267,True,25.190718954248364,0.5328197338017944,25,0.25426246990293544,0.8014586405902926,True,0.31,0.1603,0.1197,True,False
79,10,31.44,6.1,12.98,#5a4636,64.8,,,,,,False,,,1,,,False,0.354,0.2748,0.2118,False,False
80,252,35.09,5.74,7.44,#604f46,52.4,39.682539682539684,-2.5009520935279195,100.0,-0.8039118872371265,0.421447864349066,True,25.226325915799602,0.5684266953530326,100,0.6369679246310117,0.5256159418352043,True,0.3771,0.3099,0.2782,False,False
81,54,29.3,4.09,5.16,#4e423d,51.6,42.592592592592595,0.4091008165249932,23.0,0.06087374680240284,0.9514597576770574,True,18.018727970079027,-6.639171250367543,23,-5.400456588348542,2.0091810216602103e-05,True,0.3081,0.2614,0.2403,False,True
82,142,29.79,6.85,7.1,#54423b,46.0,48.59154929577465,6.40805751970705,69.0,1.546227456917581,0.12204964463102343,True,25.54418313838604,0.886283917939469,69,0.7027062766812355,0.48463756560244037,True,0.3321,0.2594,0.2333,False,False
83,26,35.71,12.14,12.25,#6c4c40,45.3,15.384615384615385,-26.798876391452215,4.0,-2.766980298513626,0.005657817422236755,True,,,4,,,False,0.4274,0.2997,0.2549,True,False
84,29,35.78,14.18,5.45,#6c4b4c,21.0,24.137931034482758,-18.04556074158484,7.0,-1.967760271386696,0.049095627342221615,True,,,7,,,False,0.4274,0.2968,0.298,False,False
85,70,32.29,12.49,4.56,#614445,20.0,15.714285714285714,-26.469206061781886,11.0,-4.484280206639009,7.316047238522851e-06,True,14.107193032193033,-10.550706188253537,11,-5.86847250313829,0.00015762115591635352,True,0.3821,0.2693,0.2716,True,True
86,14,31.23,7.27,3.47,#564544,25.5,21.428571428571427,-20.75492034749617,3.0,-1.5724900140658253,0.11583695325317299,True,,,3,,,False,0.3408,0.2722,0.2679,False,False
87,64,25.73,11.73,4.56,#503636,21.3,12.5,-29.6834917760676,8.0,-4.808479640815081,1.5208251411828149e-06,True,,,8,,,False,0.3152,0.2128,0.2136,True,False
88,156,39.63,57.71,32.62,#b41f2b,29.5,18.58974358974359,-23.59374818632401,29.0,-5.967082555953216,2.4153321949673505e-09,True,22.1826744940564,-2.47522472639017,29,-1.4605744571907728,0.15526341167960145,True,0.7097,0.1249,0.1723,True,False
89,50,27.88,49.24,32.96,#870711,33.8,54.0,11.816508223932404,27.0,1.6919088848690569,0.09066334767313435,True,22.80167336607499,-1.85622585437158,27,-1.2251855995300118,0.23148904439897233,True,0.5324,0.0283,0.0692,False,False
90,105,35.76,58.23,38.17,#aa0b1a,33.2,35.23809523809524,-6.945396537972359,37.0,-1.441101277326393,0.1495560727490302,True,25.064703182350243,0.4068039619036732,37,0.3062449437912684,0.7611823264621546,True,0.6675,0.0433,0.1028,False,False
91,167,33.03,52.19,31.44,#9a151f,31.1,36.52694610778443,-5.65654566828317,61.0,-1.4801725322341854,0.1388272087627588,True,24.474649447559667,-0.18324977288690292,61,-0.15488914310921578,0.8774285853174917,True,0.6053,0.0836,0.1225,False,False
92,33,27.6,43.16,20.19,#7e1824,25.1,27.27272727272727,-14.91076450334033,9.0,-1.734441628060009,0.08283975433454373,True,,,9,,,False,0.4969,0.0974,0.1442,False,False
93,73,33.06,49.41,23.47,#961d2b,25.4,24.65753424657534,-17.52595752949226,18.0,-3.0321172581984612,0.002428448486019569,True,18.73850068588912,-5.919398534557448,18,-4.230042538172859,0.0005638682513542367,True,0.5888,0.1143,0.1716,True,True
94,32,33.89,23.81,12.31,#773f3d,27.3,21.875,-20.3084917760676,7.0,-2.32624508174949,0.020005479924706172,True,,,7,,,False,0.4689,0.2506,0.2405,False,False
95,34,39.57,23.77,17.45,#884d42,36.3,67.64705882352942,25.463567047461815,23.0,3.0065020707964667,0.002642722536919735,True,28.707232905133953,4.049333684687383,23,1.9654799181533233,0.06210740156098682,True,0.5353,0.3025,0.259,True,False
96,21,36.49,32.35,26.95,#8c3d2c,39.8,66.66666666666666,24.483174890599063,14.0,2.2718528044840625,0.02309540227388787,True,22.675481807968197,-1.982417412478373,14,-0.6792049226377062,0.5089208816607907,True,0.5528,0.2423,0.1731,False,False
97,162,41.89,6.26,7.55,#715e56,50.3,40.74074074074074,-1.4427510353268613,66.0,-0.3718362352326257,0.710014783135529,True,28.33342688456325,3.6755276641166787,66,3.061368737802312,0.0032019794728054664,True,0.4468,0.3723,0.3401,False,True
98,23,40.21,6.49,17.48,#725a42,69.6,52.17391304347826,9.99042126741066,12.0,0.9701759999534989,0.33195877150506015,True,26.41919191919192,1.7612926987453505,12,0.5326034115124172,0.6049000523179385,True,0.4498,0.3539,0.2611,False,False
99,82,42.0,16.37,21.3,#865840,52.4,60.97560975609756,18.79211798002996,50.0,3.445763480638584,0.0005694485303703913,True,22.398185029495384,-2.259714190951186,50,-1.9920697046233666,0.05195095053365014,True,0.5276,0.3457,0.2543,True,False
100,11,38.9,27.48,35.87,#8f4721,52.5,,,,,,False,,,3,,,False,0.5631,0.2811,0.1303,False,False
101,10,32.52,17.26,28.28,#6f401f,58.6,,,,,,False,,,5,,,False,0.439,0.2546,0.1253,False,False
102,53,36.79,16.18,20.41,#784b36,51.6,54.71698113207547,12.533489356007872,29.0,1.84762035721137,0.06465728264382378,True,25.895353961856422,1.2374547414098522,29,0.6908264720634637,0.49536227791754095,True,0.4708,0.2978,0.2137,False,False
103,24,58.1,-18.92,-24.11,#3096b5,231.9,70.83333333333334,28.649841557265738,17.0,2.842043053837164,0.004482543768663863,True,27.39575163398693,2.7378524135403595,17,1.0938166457929335,0.2902301194328344,True,0.19,0.5917,0.7099,True,False
104,50,56.43,-4.38,-38.67,#3d8dca,263.5,32.0,-10.1834917760676,16.0,-1.4580906549046468,0.144815556892702,True,23.53173688228036,-1.1261623381662105,16,-0.7306933637838482,0.4762256074117569,True,0.2417,0.553,0.793,False,False
105,30,61.6,-6.74,-32.6,#569bcd,258.3,53.333333333333336,11.149841557265733,16.0,1.2366082247093126,0.21623256499333476,True,21.711580086580085,-2.946319133866485,16,-1.6537661176763,0.11894472566396513,True,0.34,0.6082,0.8075,False,False
106,27,59.47,-1.51,-15.66,#7c91aa,264.5,44.44444444444444,2.2609526683768424,12.0,0.23788998568666161,0.8119664228476235,True,20.76923076923077,-3.8886684512158,12,-1.3769005620752366,0.19591813832214103,True,0.4879,0.5694,0.6681,False,False
107,41,59.22,3.36,-34.77,#6a8fcb,275.5,29.268292682926827,-12.915199093140773,12.0,-1.674541214711466,0.0940242814469546,True,23.844246031746028,-0.8136531887005418,12,-0.28858169004825523,0.7782669920587343,True,0.4173,0.5635,0.7973,False,False
108,28,66.51,5.39,-34.83,#83a1e0,278.8,39.285714285714285,-2.897777490353315,11.0,-0.31048945680750084,0.7561887758518615,True,20.692640692640694,-3.965258527805876,11,-2.6167638805282145,0.025740275193870975,True,0.5164,0.6341,0.8785,False,False
109,12,71.12,-4.98,-32.23,#78b3e8,261.2,,,,,,False,,,4,,,False,0.4735,0.7043,0.9107,False,False
110,75,70.35,-4.68,-14.94,#92afc6,252.6,56.00000000000001,13.816508223932406,42.0,2.42287907335285,0.015398051395093463,True,24.21315467257528,-0.4447445478712915,42,-0.3832149418101979,0.7035402306478242,True,0.5755,0.6892,0.7792,True,False
111,53,63.32,-5.22,-17.87,#7a9db8,253.7,56.60377358490566,14.420281808838059,30.0,2.1257612680671962,0.03352314254707928,True,26.769743198576144,2.111843978129574,30,1.0439837888149022,0.3051177411234089,True,0.4823,0.6176,0.7239,False,False
112,5,52.57,-0.23,-19.54,#687f9e,269.3,,,,,,False,,,3,,,False,0.4097,0.4982,0.6221,False,False
113,31,53.48,16.56,-41.25,#7079c6,291.9,29.03225806451613,-13.15123371155147,9.0,-1.4826892882048206,0.13815698191774303,True,,,9,,,False,0.4418,0.4779,0.78,False,False
114,44,54.99,7.13,-34.78,#6882bf,281.6,43.18181818181818,0.9983264057505825,19.0,0.13409164047225755,0.8933301098821756,True,23.543972528823698,-1.113926691622872,19,-0.40429203103450645,0.6907613571952194,True,0.4109,0.5124,0.7515,False,False
115,48,48.5,8.33,-35.41,#5971ae,283.2,29.166666666666668,-13.016825109400932,14.0,-1.8261165642087334,0.06783270565392367,True,19.457904754344383,-5.199994466102186,14,-2.549644145176088,0.02420889618547008,True,0.3499,0.4458,0.686,False,False
116,54,44.8,13.65,-39.96,#5465ac,288.9,22.22222222222222,-19.96126955384538,12.0,-2.970214723590172,0.002975916609466084,True,27.401960784313726,2.744061563867156,12,1.112437726535203,0.2896706089162596,True,0.3303,0.3999,0.6772,True,False
117,32,41.11,0.93,-35.77,#2b639b,271.5,43.75,1.5665082239324002,14.0,0.17943637034322843,0.8575950753915128,True,23.534804481233056,-1.1230947392135135,14,-1.691714814313251,0.11451656284951119,True,0.1687,0.3906,0.6098,False,False
118,58,46.14,18.27,-58.97,#3069d1,287.2,46.55172413793103,4.368232361863433,27.0,0.6736317309540916,0.5005454745858293,True,19.611331569664898,-5.046567650781672,27,-3.2192103184810192,0.0034350667997843625,True,0.1891,0.4124,0.8198,False,True
119,8,45.72,-9.44,-27.96,#26739a,251.3,,,,,,False,,,5,,,False,0.1522,0.4514,0.6059,False,False
120,25,51.87,1.3,-48.57,#187fce,271.5,64.0,21.816508223932402,16.0,2.208808443508175,0.027187967510713174,True,24.79582457983193,0.13792535938535977,16,0.06307556189629325,0.9505391905867624,True,0.0946,0.5004,0.8112,False,False
121,57,49.18,1.29,-38.68,#3d77b6,271.9,24.561403508771928,-17.62208826729567,14.0,-2.6940000995399305,0.0070600143627620555,True,28.52380952380952,3.8659103033629485,14,1.8846375329894292,0.08203125014447182,True,0.2411,0.4691,0.7146,True,False
122,19,46.76,-35.29,5.6,#0c7d64,171.0,36.84210526315789,-5.341386512909708,7.0,-0.4714477998409949,0.6373209882390531,True,,,7,,,False,0.0502,0.4926,0.3939,False,False
123,23,42.06,-36.92,14.03,#0a714a,159.2,26.08695652173913,-16.09653525432847,6.0,-1.563144512944286,0.11801860774787065,True,,,6,,,False,0.0419,0.4458,0.2939,False,False
124,19,47.09,-39.09,14.12,#127f56,160.1,36.84210526315789,-5.341386512909708,7.0,-0.4714477998409949,0.6373209882390531,True,,,7,,,False,0.0721,0.4995,0.3399,False,False
125,50,36.37,-33.14,11.31,#036242,161.2,38.0,-4.1834917760676,19.0,-0.5989998713300004,0.5491729703730067,True,25.28287273367365,0.6249735132270793,19,0.3491045031295437,0.7310614572174663,True,0.0148,0.3852,0.2604,False,False
126,22,33.72,-15.08,5.75,#375545,159.1,31.818181818181817,-10.365309957885781,7.0,-0.9844562970131222,0.32489120939728156,True,,,7,,,False,0.2184,0.336,0.2736,False,False
127,55,29.4,-23.73,7.15,#174e39,163.2,30.909090909090907,-11.274400866976691,17.0,-1.6930805648790264,0.09044013311322066,True,19.357103822576967,-5.300795397869603,17,-3.173885830431716,0.005892237793262502,True,0.0913,0.3075,0.2257,False,False
128,17,51.84,-9.77,20.52,#787f58,115.4,94.11764705882352,51.93415528275593,16.0,4.335910810291897,1.4515779718976555e-05,True,39.86931818181819,15.211418961371617,16,8.385500118178859,4.80036910903049e-07,True,0.4708,0.4998,0.3454,True,True
129,4,54.53,6.21,48.31,#a27c2a,82.7,,,,,,False,,,0,,,False,0.6369,0.4889,0.1658,False,False
130,1,48.88,0.3,34.61,#867238,89.5,,,,,,False,,,1,,,False,0.5275,0.4482,0.2207,False,False
131,30,32.22,-0.38,22.72,#564a27,91.0,20.0,-22.183491776067598,6.0,-2.460329883807227,0.013880936113334155,True,,,6,,,False,0.34,0.2938,0.1554,True,False
132,26,21.88,0.99,10.35,#3b3325,84.5,23.076923076923077,-19.10656869914452,6.0,-1.972750588140056,0.0485239852556133,True,,,6,,,False,0.2332,0.2016,0.1458,False,False
133,28,28.39,1.29,11.45,#4b4131,83.6,35.714285714285715,-6.469206061781884,10.0,-0.6931589063636303,0.4882098337052535,True,25.143356643356647,0.485457422910077,10,0.371914451166458,0.7185622720386736,True,0.296,0.2577,0.194,False,False
134,34,31.68,-2.77,9.82,#4c4b3b,105.8,44.11764705882353,1.9341552827559283,15.0,0.22836713536673417,0.8193608366137963,True,20.671004921004922,-3.986894299441648,15,-2.195942822195294,0.04544449714496232,True,0.2992,0.2954,0.2319,False,False
135,115,27.22,-3.15,11.99,#42412d,104.7,30.434782608695656,-11.748709167371945,35.0,-2.5511845769935424,0.010735745259821159,True,23.40191614538817,-1.2559830750583991,35,-0.7811181448006347,0.44013826768361336,True,0.2607,0.2556,0.18,True,False
136,112,39.28,-0.33,-2.41,#5a5c60,262.3,25.0,-17.1834917760676,28.0,-3.682334510064039,0.0002311078890776627,True,22.602040816326532,-2.0558584041200376,28,-1.0485098253800509,0.3036992502985162,True,0.353,0.364,0.3779,True,False
137,31,40.72,1.15,0.37,#625f5f,17.7,45.16129032258064,2.977798546513044,14.0,0.3357213554397334,0.7370810002660786,True,26.010537548352676,1.3526383279061065,14,0.49135678734042865,0.6313653795063984,True,0.3852,0.3739,0.3741,False,False
138,30,35.93,0.7,0.03,#555454,2.2,33.33333333333333,-8.85015844273427,10.0,-0.9815546404006114,0.3263193032420256,True,27.782051282051277,3.1241520616047076,10,1.1906298608959645,0.2642541113789281,True,0.3361,0.33,0.3312,False,False
139,55,42.53,2.39,-3.69,#65636a,302.9,50.90909090909091,8.725599133023303,28.0,1.3103261524360326,0.19008552390375066,True,24.776360544217688,0.11846132377111829,28,0.09302703375995125,0.9265689465163778,True,0.3986,0.3897,0.4175,False,False
140,113,46.55,-0.19,-1.51,#6c6e70,262.7,28.31858407079646,-13.86490770527114,32.0,-2.984413611217318,0.002841224192220996,True,25.628689890990422,0.9707906705438525,32,0.5661170726515243,0.5753898594038542,True,0.4264,0.4333,0.4423,True,False
141,4,41.8,-12.33,10.91,#546750,138.5,,,,,,False,,,3,,,False,0.3312,0.4075,0.3151,False,False
142,21,40.08,-5.14,5.89,#596054,131.1,57.14285714285714,14.95936536678954,12.0,1.3881155656365531,0.1651018574660359,True,26.47727272727273,1.8193735068261603,12,0.6570690925964016,0.5246458956072051,True,0.3523,0.379,0.3323,False,False
143,48,45.27,-6.28,3.97,#626e64,147.7,47.91666666666667,5.733174890599068,23.0,0.804301013898341,0.42122315226620255,True,23.058084112904528,-1.5998151075420424,23,-1.1764095285679133,0.2520040784447401,True,0.3878,0.4316,0.3935,False,False
144,25,45.97,-2.02,6.01,#6d6d62,108.6,48.0,5.816508223932399,12.0,0.5888913269201822,0.5559341762054375,True,28.501610305958128,3.8437110855115577,12,2.5901916163029393,0.025129632467715112,True,0.4302,0.4296,0.3875,False,False
145,23,46.94,-2.76,15.8,#746f54,99.9,34.78260869565217,-7.400883080415427,8.0,-0.7187043419783576,0.4723231074564028,True,,,8,,,False,0.4584,0.4385,0.3324,False,False
146,29,43.04,-1.26,13.37,#6c654f,95.4,48.275862068965516,6.09237029289792,14.0,0.6643364754698217,0.5064749805619362,True,26.065814146171288,1.407914925724718,14,0.5088116199910374,0.6194095133673265,True,0.4242,0.3981,0.3122,False,False
147,16,37.57,1.48,8.99,#60574a,80.6,25.0,-17.1834917760676,4.0,-1.3917916225400453,0.1639855075503297,True,,,4,,,False,0.3788,0.3416,0.2904,False,False
148,99,37.72,-2.15,12.82,#5d5944,99.5,32.323232323232325,-9.860259452835274,32.0,-1.986592297714542,0.04696759545950173,True,24.341642279821627,-0.3162569406249425,32,-0.22476293442915185,0.8236386904618752,True,0.3661,0.3496,0.2671,False,False
149,99,22.46,-2.07,-14.25,#22374a,261.7,39.39393939393939,-2.7895523821282078,39.0,-0.5620240829275195,0.5740996108791807,True,21.752449829372907,-2.905449391073663,39,-2.0116804221644187,0.05138414843528077,True,0.1362,0.218,0.2926,False,False
150,336,18.41,-2.48,-12.52,#1b2e3e,258.8,50.297619047619044,8.114127271551446,169.0,3.0117177008596236,0.002597740564253229,True,25.89920272625358,1.2413035058070108,169,1.70504237764419,0.09003491123931259,True,0.1069,0.1835,0.2461,True,False
151,28,19.69,-5.63,-18.42,#02334a,253.0,75.0,32.8165082239324,21.0,3.516205038753796,0.0004377627716796439,True,25.611111111111114,0.9532118906645444,21,0.42594389401171956,0.6746975838549978,True,0.0098,0.2014,0.2912,True,False
152,10,8.46,-6.56,-1.11,#0c1b19,189.6,,,,,,False,,,3,,,False,0.0479,0.106,0.1009,False,False
153,319,14.97,-4.03,-2.5,#1d2728,211.8,49.52978056426332,7.346288788195721,158.0,2.6568445546539503,0.007887580305247001,True,26.995095864797044,2.337196644350474,158,3.4961627936711492,0.0006138547262952932,True,0.1142,0.1546,0.1607,True,True
154,265,12.16,-1.98,-9.33,#13212c,258.0,35.471698113207545,-6.711793662860055,94.0,-2.2124035214357636,0.02693879579448585,True,23.17811641691497,-1.4797828035315987,94,-1.7066092862083762,0.09123184060358296,True,0.0768,0.1304,0.1745,False,False
155,161,6.82,0.32,-5.38,#11151c,273.4,19.875776397515526,-22.307715378552075,32.0,-5.73153356554056,9.952664822042162e-09,True,22.937039527452505,-1.7208596929940647,32,-1.0396107335463831,0.3065617305154927,True,0.0686,0.0834,0.1105,True,False
156,606,9.08,-0.78,-2.94,#161a1d,255.2,30.85808580858086,-11.32540596748674,187.0,-5.6453763299198565,1.6482031456776494e-08,True,24.616301862677915,-0.04159735776865503,187,-0.06221614999446179,0.9504575071711341,True,0.0879,0.1024,0.1157,True,False
157,40,24.96,-11.53,0.03,#25403a,179.8,67.5,25.316508223932406,27.0,3.242176163146053,0.0011862067393568554,True,30.88267770876467,6.224778488318101,27,4.414395447972708,0.00015764965171425404,True,0.1482,0.2515,0.2308,True,True
158,42,27.2,-13.78,6.83,#2c4535,153.6,35.714285714285715,-6.469206061781884,15.0,-0.8489428156282589,0.3959131128530321,True,21.84322316465174,-2.8146760557948305,15,-1.5883665019672482,0.13452527198250147,True,0.1753,0.2737,0.2097,False,False
159,9,20.37,-20.15,4.75,#073829,166.7,,,,,,False,,,4,,,False,0.029,0.2213,0.1633,False,False
160,48,15.61,-9.81,4.83,#1a2a1f,153.8,33.33333333333333,-8.85015844273427,16.0,-1.241579324629384,0.21439181400371954,True,24.958536045997345,0.3006368255507752,16,0.13806710818719808,0.8920237707784608,True,0.1024,0.1671,0.1251,False,False
161,78,32.9,-1.26,-3.01,#484e52,247.4,30.76923076923077,-11.41426100683683,24.0,-2.0412580380722236,0.04122518560078452,True,26.65483821733822,1.9969389968916502,24,1.268363405208988,0.21735663276052902,True,0.2856,0.3066,0.3216,False,False
162,73,37.05,-5.98,-0.14,#4c5a57,181.3,50.68493150684932,8.501439730781717,37.0,1.4708104868940717,0.14134237559052795,True,24.109746676310145,-0.5481525441364248,37,-0.41140447003328645,0.6832150231602878,True,0.2992,0.3532,0.3419,False,False
163,215,21.69,-5.08,-1.4,#2a3635,195.4,30.23255813953488,-11.950933636532717,65.0,-3.548328929690605,0.0003876837432144756,True,26.602542555483733,1.9446433350371635,65,1.8775393481506797,0.06500262257801076,True,0.166,0.2129,0.2113,True,False
164,8,29.54,-3.14,3.23,#424640,134.3,,,,,,False,,,3,,,False,0.2614,0.278,0.253,False,False
165,81,28.17,-6.36,-0.55,#364543,184.9,34.5679012345679,-7.6155905414997,28.0,-1.3878703654988607,0.16517652319309362,True,25.57415838130124,0.9162591608546684,28,0.48948489144018015,0.6284517577263506,True,0.2153,0.2722,0.2632,False,False
166,42,24.83,-11.27,-5.78,#1e4043,207.1,57.14285714285714,14.95936536678954,24.0,1.9630918590644137,0.04963550133046403,True,23.424597259867127,-1.2333019605794426,24,-0.7313274039514154,0.4719649945668548,True,0.1183,0.2512,0.2638,False,False
167,16,28.24,-7.98,-9.8,#284651,230.8,75.0,32.8165082239324,12.0,2.658001168929936,0.007860562039652816,True,36.692524589076314,12.034625368629744,12,6.014388279298696,8.743703698993176e-05,True,0.159,0.2778,0.319,True,True
168,102,22.93,-3.48,-9.02,#283843,248.9,52.94117647058824,10.757684694520636,54.0,2.1999950531515355,0.02780724600377735,True,24.280921901105945,-0.37697731934062517,54,-0.30385781053003735,0.7624259706777968,True,0.1571,0.2229,0.2663,False,False
169,49,26.66,-6.08,-21.94,#094360,254.5,59.183673469387756,17.000181693320155,29.0,2.4096524646350765,0.01596772277789409,True,29.259571431985222,4.601672211538652,29,2.172464154022182,0.03844133746859102,True,0.038,0.2643,0.3773,True,False
170,22,33.46,-0.55,-32.22,#155181,269.0,22.727272727272727,-19.456219048794875,5.0,-1.8478750212463093,0.06462042481457247,True,,,5,,,False,0.0838,0.3204,0.5081,False,False
171,38,35.83,-8.22,-25.88,#0e5a7d,252.4,86.8421052631579,44.6586134870903,33.0,5.5744219757290026,2.4835308232042276e-08,True,26.05968442710299,1.4017852066564203,33,0.8573444318293885,0.39763019773595704,True,0.0565,0.3535,0.4914,True,False
172,41,40.19,19.43,-44.14,#4e57a7,293.8,39.02439024390244,-3.1591015321651597,16.0,-0.4095984644850135,0.6821005235114492,True,18.372729700854702,-6.285169519591868,16,-4.513473360163841,0.0004120858786849064,True,0.3061,0.3443,0.656,False,True
173,72,40.42,20.23,-59.1,#1f5ac1,288.9,25.0,-17.1834917760676,18.0,-2.952435882890081,0.0031527753783492326,True,19.66676841676842,-4.99113080367815,18,-2.6475695143545397,0.016925899506918772,True,0.1235,0.3538,0.7576,True,False
174,161,35.99,16.89,-51.25,#2250a7,288.2,17.391304347826086,-24.792187428241512,28.0,-6.369870333954477,1.8918807646912835e-10,True,21.145517964897454,-3.5123812555491156,28,-2.0269048275141657,0.05265165364749245,True,0.1368,0.3163,0.6576,True,False
175,9,28.04,7.72,-39.61,#03427f,281.0,,,,,,False,,,3,,,False,0.0149,0.259,0.4999,False,False
176,49,29.54,15.6,-44.64,#20418b,289.3,36.734693877551024,-5.4487978985165775,18.0,-0.7723275858056226,0.43992043098115186,True,28.04453333108304,3.3866341106364715,18,2.3917503929697275,0.02859951057234039,True,0.1267,0.2576,0.5473,False,False
177,35,34.11,12.8,-38.02,#384c8c,288.6,20.0,-22.183491776067598,7.0,-2.6574600015830963,0.00787319325740541,True,,,7,,,False,0.2223,0.3013,0.5523,True,False
178,30,38.26,4.39,-29.76,#3e5a8a,278.4,30.0,-12.183491776067601,9.0,-1.3512484512522653,0.17661585872823693,True,,,9,,,False,0.2446,0.3541,0.5416,False,False
179,46,47.62,-9.49,-12.31,#507685,232.4,63.04347826086957,20.85998648480197,29.0,2.8648094850139567,0.004172601963233829,True,22.658487249004494,-1.9994119714420755,29,-1.2800931898566192,0.21101661761799417,True,0.3141,0.465,0.5225,True,False
180,29,43.88,-10.31,-10.28,#476d78,224.9,62.06896551724138,19.885473741173783,18.0,2.1683917593878315,0.030128892156720957,True,25.453262786596117,0.7953635661495468,18,0.3821677939369047,0.7070723377853166,True,0.281,0.4291,0.4717,False,False
181,70,42.73,-0.78,-6.54,#5d656f,263.2,15.714285714285714,-26.469206061781886,11.0,-4.484280206639009,7.316047238522851e-06,True,22.43073593073593,-2.2271632897106386,11,-1.5324070629012452,0.15642557876637103,True,0.368,0.3989,0.4373,True,False
182,19,40.31,-5.87,-9.6,#4a626e,238.6,73.68421052631578,31.500718750248186,14.0,2.780353848634793,0.0054299695517355485,True,20.542671614100183,-4.115227606346387,14,-1.5789531513398438,0.1383614974769972,True,0.2916,0.3864,0.4328,True,False
183,32,36.31,-13.4,-7.4,#315b60,208.9,56.25,14.0665082239324,18.0,1.6112543429676391,0.10712429765977274,True,21.268947322518745,-3.388951897927825,18,-2.4590984583433793,0.02494669973345206,True,0.193,0.3607,0.3796,False,False
184,1,34.39,-22.6,-5.34,#075a58,193.3,,,,,,False,,,1,,,False,0.0302,0.3557,0.3479,False,False
185,13,39.06,-17.03,-16.54,#0f6476,224.2,,,,,,False,22.974501857480575,-1.6833973629659944,12,-0.6195939894294356,0.548144031825192,True,0.0617,0.3954,0.4638,False,False
186,96,37.13,-10.04,-14.22,#305d6d,234.8,60.416666666666664,18.233174890599063,58.0,3.617434877861207,0.0002975371587222927,True,22.868920351678973,-1.7889788687675967,58,-1.250962732298248,0.21605851479961594,True,0.1917,0.3649,0.4306,True,False
187,4,86.3,-1.79,24.08,#e6d7aa,94.2,,,,,,False,,,3,,,False,0.9028,0.8447,0.6682,False,False
188,11,91.85,-6.48,25.43,#eee9b6,104.3,,,,,,False,,,8,,,False,0.9344,0.9169,0.7164,False,False
189,76,86.49,-20.28,21.32,#c0e2af,133.6,68.42105263157895,26.23756085551135,52.0,4.63162151199079,3.6281296038638503e-06,True,21.773474922513387,-2.884424297933183,52,-2.192762450949964,0.032911554932263484,True,0.755,0.8878,0.6878,True,False
190,71,89.18,-12.68,14.08,#d2e6c4,132.0,70.4225352112676,28.2390434352,50.0,4.8181682684550005,1.4488216251805103e-06,True,23.37939726939727,-1.2785019510493,50,-0.8120057135763623,0.4207157053736543,True,0.824,0.9034,0.7719,True,False
191,18,82.52,-14.42,14.24,#bcd4b2,135.4,55.55555555555556,13.372063779487958,10.0,1.1487816750330457,0.2506460174354358,True,25.053606237816762,0.3957070173701922,10,0.12630465003566668,0.9022674297292745,True,0.7377,0.8333,0.6989,False,False
192,229,88.47,-0.34,8.59,#e4ddcd,92.2,64.62882096069869,22.445329184631085,148.0,6.877752250881699,6.080429462622217e-12,True,25.132317295726736,0.4744180752801661,148,0.7339694684767187,0.46413640268209394,True,0.896,0.8691,0.807,True,False
193,19,86.18,1.4,13.78,#e5d5bd,84.2,68.42105263157895,26.23756085551135,13.0,2.315810755995395,0.020568603699619013,True,27.371794871794876,2.713895651348306,13,2.135775223639347,0.05399627797115801,True,0.8983,0.8384,0.744,False,False
194,235,85.5,1.72,7.12,#ded4c8,76.4,52.76595744680851,10.582465670740909,124.0,3.2849109949185045,0.0010201459225499595,True,25.005496306743474,0.3475970862969042,124,0.3939601675771508,0.6942925958549404,True,0.8741,0.8318,0.7858,True,False
195,53,79.03,-0.39,10.2,#cbc3b0,92.2,62.264150943396224,20.080659167328623,33.0,2.9601840006346745,0.003074553530507966,True,23.371702371702373,-1.286196848744197,33,-0.6985357007415612,0.48988807336277507,True,0.7962,0.7655,0.6934,True,False
196,28,80.04,-5.85,17.17,#c8c8a6,108.8,53.57142857142857,11.38793679536097,15.0,1.2201883414170178,0.22239348544425364,True,20.111111111111107,-4.546788109335463,15,-1.4704204045164266,0.16356324514055834,True,0.7862,0.7871,0.6525,False,False
197,31,80.8,-6.05,11.39,#c5cbb3,118.0,64.51612903225806,22.332637256190463,20.0,2.5178141278131987,0.011808561879900321,True,31.085581085581083,6.427681865134513,20,3.033446664884738,0.0068356507284395044,True,0.7765,0.7972,0.7027,True,False
198,37,69.6,-5.69,15.1,#aaac8e,110.7,67.56756756756756,25.384075791499967,25.0,3.126547457606944,0.0017687195493224267,True,22.977490580431756,-1.6804086400148144,25,-1.2066328516795204,0.23933312942851054,True,0.6695,0.6753,0.5591,True,False
199,56,71.6,-0.71,12.17,#b7ae99,93.3,64.28571428571429,22.10222250964669,36.0,3.349135877485857,0.0008106403001705648,True,25.23122656379974,0.5733273433531707,36,0.37083029658317496,0.712999039339777,True,0.7188,0.6862,0.6013,True,False
200,33,74.34,-6.76,7.14,#afbaa9,133.5,24.242424242424242,-17.941067533643356,8.0,-2.086930846182697,0.036894386097384935,True,,,8,,,False,0.6883,0.7299,0.6649,False,False
201,74,80.01,-3.16,4.64,#c4c7bd,124.2,63.51351351351351,21.330021737445907,47.0,3.7154375438356704,0.0002028523680608294,True,26.315027788982302,1.6571285685357324,47,1.1079751504850273,0.2736323807431062,True,0.7689,0.7839,0.7438,True,False
202,10,70.89,-4.95,0.91,#a4b0ab,169.6,,,,,,False,,,0,,,False,0.6452,0.6909,0.6731,False,False
203,36,68.96,-1.41,3.88,#a8a8a1,109.9,80.55555555555556,38.37206377948796,29.0,4.661967218639901,3.1320108709409415e-06,True,25.918596590454214,1.2606973700076445,29,0.7720558283938148,0.44654918509815283,True,0.6618,0.662,0.6324,True,False
204,57,73.55,-3.61,6.35,#b2b6a8,119.6,71.9298245614035,29.74633278533591,41.0,4.547510049269593,5.4284329079224015e-06,True,22.44166498255451,-2.21623423789206,41,-1.9086105154009068,0.06350634256809791,True,0.7016,0.7149,0.6627,True,False
205,33,71.61,-17.49,59.36,#b0b63a,106.4,48.484848484848484,6.301356708780887,16.0,0.7329828987988092,0.4635688597374612,True,24.80057269119769,0.14267347075112013,16,0.14450262401459973,0.8870272318677583,True,0.6918,0.7141,0.2288,False,False
206,49,79.07,-23.29,63.18,#bccd44,110.2,36.734693877551024,-5.4487978985165775,18.0,-0.7723275858056226,0.43992043098115186,True,24.018488455988454,-0.6394107644581162,18,-0.29544877978713885,0.7712292348343919,True,0.74,0.8055,0.2699,False,False
207,9,86.14,-17.79,62.78,#dbde59,105.8,,,,,,False,,,9,,,False,0.8596,0.872,0.3526,False,False
208,33,79.9,-8.65,31.62,#cbc98a,105.3,42.42424242424242,0.2407506481748256,14.0,0.028004462553432648,0.9776585919411205,True,20.701896143072613,-3.956003077373957,14,-1.9949893420742049,0.06744256314556077,True,0.7992,0.7888,0.5438,False,False
209,51,80.57,-18.14,26.74,#b8d095,124.2,60.78431372549019,18.600821949422592,31.0,2.6898002587274314,0.007149479753301088,True,20.85382359575908,-3.8040756246874885,31,-2.764012379657761,0.009665218921239086,True,0.7238,0.8169,0.5855,True,False
210,28,84.58,-16.74,36.52,#ccda8d,114.6,21.428571428571427,-20.75492034749617,6.0,-2.223836704588149,0.02615943289598008,True,,,6,,,False,0.8024,0.8564,0.5533,False,False
211,13,80.59,-25.61,49.77,#b7d367,117.2,,,,,,False,,,5,,,False,0.7182,0.8281,0.4052,False,False
212,5,75.83,-17.42,39.08,#b4c271,114.0,,,,,,False,,,1,,,False,0.7065,0.7617,0.4438,False,False
213,25,77.83,-28.23,38.23,#a3cd77,126.4,56.00000000000001,13.816508223932406,14.0,1.398849885214179,0.16185800336028988,True,32.49521072796935,7.837311507522781,14,3.4319697146159025,0.00445986522462292,True,0.6426,0.8043,0.4683,False,True
214,2,79.21,-52.15,32.08,#63db85,148.4,,,,,,False,,,2,,,False,0.3909,0.8605,0.5252,False,False
215,2,74.97,-38.0,13.73,#6dca9e,160.1,,,,,,False,,,2,,,False,0.4286,0.7942,0.6197,False,False
216,11,65.36,-37.63,41.72,#6fae50,132.0,,,,,,False,,,6,,,False,0.4376,0.6848,0.3139,False,False
217,17,76.07,-42.44,65.68,#8ecd32,122.9,47.05882352941176,4.875331753344164,8.0,0.40703470650466594,0.6839824977360385,True,,,8,,,False,0.5598,0.8063,0.199,False,False
218,18,76.72,20.24,65.38,#fcac3e,72.8,61.111111111111114,18.927619335043516,11.0,1.626054332574516,0.10393809767747683,True,31.186868686868692,6.528969466422122,11,1.2050503244006079,0.25592643408767474,True,0.9921,0.678,0.244,False,False
219,30,77.04,13.1,32.42,#e8b482,68.0,56.666666666666664,14.483174890599065,17.0,1.6063020355609665,0.10820756333261948,True,26.385369532428353,1.727470311981783,17,0.6819545750878129,0.50502071313701,True,0.9137,0.7059,0.5132,False,False
220,6,68.27,-0.56,47.61,#bfa44d,90.7,,,,,,False,,,0,,,False,0.7502,0.6445,0.3056,False,False
221,9,75.02,1.79,65.45,#dbb436,88.4,,,,,,False,,,7,,,False,0.8618,0.708,0.2137,False,False
222,8,81.66,5.01,66.56,#f5c446,85.7,,,,,,False,,,6,,,False,0.9619,0.7711,0.2781,False,False
223,18,77.73,-1.14,33.55,#d3be81,92.0,61.111111111111114,18.927619335043516,11.0,1.626054332574516,0.10393809767747683,True,25.750719868366932,1.0928206479203624,11,0.7594605922425332,0.4651033391511628,True,0.831,0.7482,0.5086,False,False
224,7,86.36,-2.75,52.16,#f2d673,93.0,,,,,,False,,,1,,,False,0.9501,0.8426,0.4516,False,False
225,23,64.4,14.32,47.04,#ca9046,73.1,30.434782608695656,-11.748709167371945,7.0,-1.1409244274613215,0.2539013731606562,True,,,7,,,False,0.7942,0.5682,0.2773,False,False
226,21,68.11,31.78,55.75,#f08d3f,60.3,33.33333333333333,-8.85015844273427,7.0,-0.8212275314822204,0.41151667721377394,True,,,7,,,False,0.9437,0.5539,0.2492,False,False
227,38,68.85,17.06,36.24,#d89b67,64.8,50.0,7.8165082239324,19.0,0.9756799823073545,0.32922307508358273,True,30.430102405334605,5.772203184888035,19,2.5575781990495727,0.019783673743089012,True,0.8489,0.6084,0.404,False,False
228,40,62.67,19.78,35.19,#ca8959,60.7,72.5,30.3165082239324,29.0,3.8825046267848746,0.0001033860485684415,True,27.494058702172296,2.8361594817257263,29,1.5018942742938153,0.14431907846909217,True,0.7922,0.5375,0.3522,True,False
229,53,63.76,2.93,17.55,#ab977b,80.5,66.0377358490566,23.854244072989,35.0,3.5164658223463263,0.00043733295987706305,True,27.25231118088261,2.594411960436041,35,1.6272493773842804,0.11291770212304672,True,0.6727,0.5947,0.4842,True,False
230,63,65.26,0.21,10.28,#a69d8c,88.9,42.857142857142854,0.673651081075255,27.0,0.10826998912294299,0.9137815278567766,True,25.734628026294693,1.0767288058481235,27,0.4303032165599761,0.670520966013936,True,0.6528,0.618,0.5496,False,False
231,74,59.94,0.33,9.72,#988f7f,88.1,41.891891891891895,-0.29159988417570837,31.0,-0.0507932514453354,0.9594902685038994,True,24.760920083500736,0.1030208630541658,31,0.0703014821067152,0.944420251764371,True,0.5966,0.5631,0.4998,False,False
232,54,75.08,3.64,20.12,#cdb594,79.7,77.77777777777779,35.59428600171018,42.0,5.296390195662305,1.1811430831040338e-07,True,27.139833711262277,2.481934490815707,42,2.350559615655455,0.023636799398064613,True,0.8063,0.7113,0.581,True,False
233,19,68.58,1.92,20.26,#b8a482,84.6,47.368421052631575,5.1849292765639765,9.0,0.45763838543780166,0.6472122610735127,True,,,9,,,False,0.7238,0.6466,0.5133,False,False
234,127,71.27,2.9,12.58,#bdab97,77.0,33.07086614173229,-9.112625634335314,42.0,-2.0794486327473356,0.03757613446908915,True,25.035425796295357,0.3775265758487869,42,0.2479682867497791,0.8053966833209674,True,0.7417,0.6743,0.5955,False,False
235,82,66.93,5.37,8.2,#b29f94,56.8,48.78048780487805,6.596996028810448,40.0,1.20963948939387,0.22641725830283044,True,26.448985072898115,1.7910858524515447,40,1.7600457087671433,0.08624195329523891,True,0.7008,0.624,0.582,False,False
236,27,65.13,10.39,18.64,#bc967d,60.9,48.148148148148145,5.964656372080546,13.0,0.6275814787395615,0.5302781449122991,True,26.745549771865562,2.0876505514189923,13,1.6251600802832418,0.13008590719136848,True,0.7377,0.5907,0.4916,False,False
237,70,71.93,6.75,15.52,#c7ab94,66.5,65.71428571428571,23.530793938218114,46.0,3.9864691542829465,6.706384179669511e-05,True,27.27473991586622,2.6168406954196506,46,2.1295184286609556,0.03871626048228293,True,0.7821,0.6714,0.5821,True,False
238,22,77.11,-33.81,-14.33,#48d0d7,203.0,63.63636363636363,21.452871860296035,14.0,2.037509237803033,0.04159903716272056,True,19.156162464985993,-5.501736755460577,14,-3.0325481265636185,0.00961754894064803,True,0.2836,0.8178,0.8459,False,False
239,8,67.45,-19.45,-5.12,#73aeac,194.7,,,,,,False,,,6,,,False,0.4539,0.685,0.6775,False,False
240,86,70.36,-32.81,-10.2,#42bcbd,197.3,66.27906976744185,24.095577991374256,57.0,4.524695746796329,6.048245152717356e-06,True,26.278918944995905,1.6210197245493347,57,1.3016053184646,0.19838057634875036,True,0.2625,0.741,0.743,True,False
241,7,81.18,-22.69,5.11,#9dd5bf,167.3,,,,,,False,,,6,,,False,0.616,0.8373,0.7504,False,False
242,41,78.07,-26.27,-3.71,#7fcfc7,188.0,58.536585365853654,16.353093589786056,24.0,2.12028703596789,0.033981846280443734,True,26.56151660839161,1.9036173879450402,24,0.8319664376890756,0.41398287494934594,True,0.4999,0.8121,0.7804,False,False
243,41,73.21,-11.01,-0.8,#9cb9b4,184.2,60.97560975609756,18.79211798002996,25.0,2.4365227235245035,0.014829237700539375,True,21.907106227106222,-2.7507929933403474,25,-1.933745494971665,0.06502209502929905,True,0.6131,0.7288,0.709,True,False
244,59,78.53,-14.57,-0.85,#a2cac3,183.3,72.88135593220339,30.697864156135786,43.0,4.774599773376823,1.8006499491872877e-06,True,21.684135878561325,-2.9737633418852454,43,-2.1305344118420875,0.03902729478440302,True,0.6374,0.7936,0.766,True,False
245,15,76.31,-9.27,-7.43,#a1c1c9,218.7,0.0,-42.1834917760676,0.0,-3.308193948491409,0.0009389975554120082,True,,,0,,,False,0.6326,0.7605,0.79,True,False
246,55,71.97,-13.3,-12.03,#86b8c5,222.1,63.63636363636363,21.452871860296035,35.0,3.221584972545617,0.0012748365371846582,True,22.973426451953245,-1.6844727684933254,35,-1.054998039695152,0.2988656974045819,True,0.5259,0.7234,0.7754,True,False
247,8,72.76,-19.91,-30.75,#48bfe9,237.1,,,,,,False,,,3,,,False,0.2839,0.7509,0.9171,False,False
248,29,76.6,-9.57,-26.05,#86c4ec,249.8,58.620689655172406,16.437197879104808,17.0,1.7923779384083285,0.07307244629107636,True,28.989441930618398,4.331542710171828,17,2.8638854559873006,0.011252802899717522,True,0.5274,0.7703,0.9273,False,False
249,36,83.78,-9.35,-11.96,#afd7e6,232.0,63.888888888888886,21.705397112821284,23.0,2.637070822904909,0.008362537009498574,True,22.30433546962782,-2.3535637508187506,23,-1.2563414299414835,0.22216975230553263,True,0.6901,0.8435,0.9052,True,False
250,71,87.52,-6.63,-4.65,#c8dfe3,215.0,47.88732394366197,5.703832167594369,34.0,0.9731924249331945,0.33045767496095524,True,25.048438673913058,0.3905394534664879,34,0.24450755124361306,0.8083517052917398,True,0.788,0.8767,0.8934,False,False
251,1,89.25,-15.2,-5.78,#b8e9ea,200.8,,,,,,False,,,1,,,False,0.7243,0.9148,0.9201,False,False
252,9,83.77,-7.57,3.21,#c4d4ca,157.0,,,,,,False,,,4,,,False,0.7696,0.8351,0.7942,False,False
253,31,84.4,-3.51,0.83,#ccd4d0,166.8,38.70967741935484,-3.4738143567127624,12.0,-0.3916429020180884,0.6953220838718055,True,25.13392857142857,0.4760293509819995,12,0.21303102787492983,0.8351994133159202,True,0.8007,0.8336,0.8191,False,False
254,43,84.17,-4.57,-8.51,#c0d5e1,241.8,79.06976744186046,36.88627566579286,34.0,4.89780897518238,9.691117688778386e-07,True,24.399926054337822,-0.2579731661087479,34,-0.1525397195919901,0.8796901244718622,True,0.7531,0.8363,0.8849,True,False
255,114,88.27,-2.85,-4.35,#d3dfe5,236.7,65.78947368421053,23.60598190814293,75.0,5.103607922787187,3.332383264837372e-07,True,22.64354682354682,-2.014352396899749,75,-2.1354781531979765,0.03603131676178676,True,0.8293,0.8764,0.9001,True,False
256,19,65.72,-36.46,-2.43,#37b1a2,183.8,47.368421052631575,5.1849292765639765,9.0,0.45763838543780166,0.6472122610735127,True,,,9,,,False,0.217,0.6947,0.6387,False,False
257,9,62.66,-49.18,19.81,#21ac72,158.1,,,,,,False,,,7,,,False,0.1304,0.6757,0.4494,False,False
258,9,58.79,-43.91,11.8,#1aa077,165.0,,,,,,False,,,7,,,False,0.1058,0.6284,0.4682,False,False
259,7,72.74,-19.55,22.93,#9dbb87,130.5,,,,,,False,,,3,,,False,0.6185,0.7353,0.5326,False,False
260,38,72.36,-9.92,22.18,#aeb588,114.1,44.73684210526316,2.5533503291955584,17.0,0.31871684038997633,0.7499412433413679,True,23.571428571428573,-1.086470649017997,17,-0.44303001348677745,0.6636755380896162,True,0.6862,0.7121,0.5359,False,False
261,34,63.49,-3.93,6.61,#979b8d,120.7,44.11764705882353,1.9341552827559283,15.0,0.22836713536673417,0.8193608366137963,True,29.234920634920638,4.577021414474068,15,2.0107804207529987,0.06401637210118885,True,0.5945,0.6096,0.5564,False,False
262,7,63.1,-5.05,16.16,#9b9a7b,107.4,,,,,,False,,,5,,,False,0.6085,0.6059,0.486,False,False
263,7,62.13,-11.42,6.98,#859b89,148.6,,,,,,False,,,0,,,False,0.5246,0.6107,0.5391,False,False
264,15,69.6,-10.66,6.99,#9aaf9d,146.7,26.666666666666668,-15.516825109400934,4.0,-1.2168899435641982,0.22364609234180277,True,,,4,,,False,0.6074,0.6876,0.6158,False,False
265,24,65.63,-7.22,5.75,#96a294,141.5,37.5,-4.6834917760676,9.0,-0.4645989138638273,0.6422187102324183,True,,,9,,,False,0.5891,0.639,0.5839,False,False
266,9,44.73,-26.13,-8.93,#077577,198.9,,,,,,False,,,3,,,False,0.0289,0.4627,0.4701,False,False
267,20,48.38,-13.68,-3.29,#537977,193.5,75.0,32.8165082239324,15.0,2.9717356490006193,0.002961215295515607,True,21.594871794871793,-3.063027425574777,15,-1.9544638066482745,0.0709175510111623,True,0.3289,0.4776,0.4704,True,False
268,31,50.99,-10.8,-14.79,#517f92,233.9,54.83870967741935,12.655217901351751,17.0,1.4267677416264657,0.15364685227583214,True,22.356184579094794,-2.3017146413517757,17,-1.4075929232284474,0.17838266694236016,True,0.319,0.5017,0.5731,False,False
269,50,53.3,-11.28,-4.9,#638587,203.5,76.0,33.8165082239324,38.0,4.841908424642759,1.28598030187929e-06,True,20.51924703399365,-4.138652186452919,38,-2.664480546198924,0.011356176070183344,True,0.3911,0.5229,0.5305,True,False
270,17,60.15,-22.2,-0.36,#5f9b90,180.9,29.411764705882355,-12.771727070185246,5.0,-1.0662938324155453,0.28629083667704913,True,,,5,,,False,0.3758,0.6117,0.5683,False,False
271,14,50.69,-22.42,-0.43,#468378,181.1,71.42857142857143,29.24507965250383,10.0,2.215744264211054,0.026709021543481152,True,21.463316095669036,-3.194583124777534,10,-1.225881335872926,0.2513516877019329,True,0.277,0.5148,0.4735,False,False
272,48,55.9,-17.4,-1.38,#608e87,184.5,68.75,26.5665082239324,33.0,3.72698721179509,0.00019378228664606754,True,26.199869244777023,1.5419700243304533,33,0.8300672175803617,0.41265079328369564,True,0.3766,0.5596,0.5325,True,False
273,24,59.75,-30.33,-14.61,#0d9fa8,205.7,79.16666666666666,36.98317489059907,19.0,3.668703545762411,0.00024378356275945004,True,22.92230576441103,-1.7355934560355415,19,-0.7941481186682314,0.43745454365682546,True,0.0539,0.6247,0.6612,True,False
274,35,51.74,-24.4,-14.73,#1b8793,211.1,62.857142857142854,20.673651081075256,22.0,2.476589411136499,0.013264439672954641,True,22.567941317941315,-2.0899579025052546,22,-1.2274064998531107,0.23325183569058996,True,0.1094,0.5324,0.5792,True,False
275,22,58.02,-17.04,-6.53,#5f9496,201.0,81.81818181818183,39.63469004211422,18.0,3.7643466862694077,0.00016698508078111287,True,23.902990634312474,-0.7549085861340963,18,-0.3867590287281568,0.7037330944925095,True,0.3743,0.5821,0.5892,True,False
276,31,54.64,-29.02,-8.71,#239090,196.7,48.38709677419355,6.20360499812595,15.0,0.6994034841686446,0.48429991104095593,True,19.084533984533984,-5.573365235912586,15,-2.800915594204071,0.014154790808001354,True,0.1385,0.5677,0.5681,False,False
277,186,61.09,0.01,-0.42,#939394,271.1,32.795698924731184,-9.387792851336417,61.0,-2.592523951911345,0.009527454682860752,True,26.30357490989121,1.6456756894446407,61,1.3704891937136436,0.17564001630456175,True,0.5768,0.5782,0.5809,True,False
278,53,58.48,-0.25,-5.24,#878d95,267.3,39.62264150943396,-2.5608502666336355,21.0,-0.37750692963523813,0.7057969155954453,True,22.079748566093105,-2.5781506543534647,21,-1.548978335090639,0.13706635727149033,True,0.5317,0.5534,0.5869,False,False
279,107,55.45,0.61,0.25,#868484,22.1,29.906542056074763,-12.276949719992835,32.0,-2.5714919753545122,0.010126136206377803,True,19.186990696501567,-5.470908523945003,32,-4.120377623211907,0.00026113194829355165,True,0.5258,0.5194,0.5191,True,True
280,68,51.68,-0.73,-3.19,#777b80,257.1,33.82352941176471,-8.359962364302891,23.0,-1.3959233953709846,0.16273756465478173,True,25.907867494824018,1.2499682743774478,23,0.525525115344592,0.6044752545181238,True,0.4672,0.4853,0.5039,False,False
281,18,53.65,-8.98,0.31,#6f847f,178.0,55.55555555555556,13.372063779487958,10.0,1.1487816750330457,0.2506460174354358,True,25.26373626373627,0.6058370432897,10,0.2919102498538059,0.7769721169684649,True,0.4357,0.5207,0.4994,False,False
282,22,51.88,-5.27,4.85,#757e73,137.4,18.181818181818183,-24.001673594249418,4.0,-2.2795843833629026,0.022632350036928064,True,,,4,,,False,0.4621,0.4947,0.4521,False,False
283,168,65.39,-11.75,-2.42,#84a5a2,191.6,72.61904761904762,30.435555842980015,122.0,7.9880115815738,1.371325710628015e-15,True,21.09818978032575,-3.5597094401208196,122,-4.477118647731658,1.7241472572927096e-05,True,0.5191,0.6477,0.6378,True,True
284,54,62.3,-13.48,-7.96,#719ea4,210.6,70.37037037037037,28.186878594302772,38.0,4.194176206428641,2.7386503892949605e-05,True,21.016886466738928,-3.641012753707642,38,-2.7568072504862533,0.009009901367211283,True,0.4458,0.6203,0.6437,True,False
285,3,59.1,-6.59,-6.07,#7b9298,222.6,,,,,,False,,,0,,,False,0.4841,0.5732,0.5982,False,False
286,29,64.8,-7.89,-8.97,#84a2ac,228.7,62.06896551724138,19.885473741173783,18.0,2.1683917593878315,0.030128892156720957,True,22.257495590828924,-2.400403629617646,18,-1.4063742084356812,0.1776295866129059,True,0.518,0.6357,0.6777,False,False
287,49,58.5,-7.0,5.12,#839083,143.8,51.02040816326531,8.836916387197707,25.0,1.2525688099293677,0.2103626717611612,True,28.79858158897091,4.140682368524342,25,2.8704228994147107,0.008425046274357946,True,0.516,0.5649,0.5158,False,False
288,210,59.54,-12.46,-2.22,#739592,190.1,70.95238095238095,28.768889176313355,149.0,8.4418095083507,3.1246228256089334e-17,True,20.860479600650013,-3.797419619796557,149,-5.180610856915315,7.119803962917644e-07,True,0.4546,0.5881,0.5758,True,True
289,21,62.82,30.83,2.64,#cd8294,4.9,33.33333333333333,-8.85015844273427,7.0,-0.8212275314822204,0.41151667721377394,True,,,7,,,False,0.8043,0.5137,0.582,False,False
290,7,56.36,29.95,2.47,#b97283,4.7,,,,,,False,,,1,,,False,0.7268,0.4508,0.5173,False,False
291,177,58.46,25.21,-1.35,#b57c8f,356.9,40.67796610169492,-1.505525674372682,72.0,-0.40558100464175684,0.6850504882399538,True,25.81388104385239,1.1559818234058206,72,1.429817325357939,0.15715524481498513,True,0.7134,0.4878,0.5636,False,False
292,42,65.6,52.91,0.22,#f475a0,0.2,23.809523809523807,-18.37396796654379,10.0,-2.411184301568633,0.015900811091844234,True,23.876456876456874,-0.7814423439896956,10,-0.3769948934552644,0.714912782867089,True,0.959,0.462,0.6309,True,False
293,17,58.76,52.3,-1.36,#de6491,358.5,35.294117647058826,-6.8893741290087736,6.0,-0.5751843194421413,0.5651666465342826,True,,,6,,,False,0.872,0.3923,0.5708,False,False
294,156,58.1,49.3,-10.12,#d3669e,348.4,58.333333333333336,16.149841557265738,91.0,4.084448010410978,4.418171665445203e-05,True,21.894305817888814,-2.763593402557756,91,-2.5784015227581296,0.011549494337867124,True,0.8303,0.4024,0.6223,True,False
295,48,56.98,27.87,-12.27,#ae779e,336.2,31.25,-10.9334917760676,15.0,-1.5338479444190587,0.12506706485228608,True,25.059523809523807,0.40162458907723675,15,0.18491160160652992,0.8559503483122962,True,0.6857,0.4686,0.6222,False,False
296,3,60.66,46.94,-26.97,#cc71c2,330.1,,,,,,False,,,0,,,False,0.8019,0.4471,0.7635,False,False
297,29,61.25,33.07,-12.42,#c27eaa,339.4,17.24137931034483,-24.942112465722772,5.0,-2.719787913345701,0.0065323799196606224,True,,,5,,,False,0.7643,0.4958,0.6687,True,False
298,81,64.03,24.78,-1.0,#c58b9d,357.7,37.03703703703704,-5.146454739030565,30.0,-0.9378933886688627,0.3482992011342143,True,23.917166167166165,-0.7407330532804046,30,-0.5560640167491867,0.5824324959559052,True,0.7727,0.5457,0.6186,False,False
299,21,63.76,18.03,-3.76,#b78fa1,348.2,61.904761904761905,19.721270128694307,13.0,1.8299841850603082,0.06725230372133946,True,30.298519144672987,5.640619924226417,13,1.9003981528626839,0.08166799966066433,True,0.7195,0.5627,0.6338,False,False
300,61,68.78,26.82,-9.9,#cf96ba,339.7,29.508196721311474,-12.675295054756125,18.0,-2.004591121300741,0.04500677660847533,True,27.879015620394934,3.2211163999483645,18,1.7848933625553942,0.0921332018702622,True,0.8147,0.5919,0.7306,False,False
301,39,65.21,27.69,-12.64,#c58db5,335.5,10.256410256410255,-31.927081519657342,4.0,-4.03733077283737,5.406281685339409e-05,True,,,4,,,False,0.773,0.5532,0.7116,True,False
302,43,70.13,25.8,1.72,#d99aa9,3.8,37.2093023255814,-4.974189450486205,16.0,-0.6604795223997623,0.5089461552817495,True,26.034954628704632,1.3770554082580624,16,0.9924745498099138,0.33670718763067053,True,0.8535,0.6051,0.6636,False,False
303,7,71.63,41.31,5.02,#f891a8,6.9,,,,,,False,,,0,,,False,0.9726,0.5696,0.6589,False,False
304,4,79.55,27.71,8.56,#fcb1b6,17.2,,,,,,False,,,4,,,False,0.9889,0.6973,0.7152,False,False
305,14,72.5,28.69,13.04,#eb9d9b,24.4,78.57142857142857,36.38793679536097,11.0,2.756920589679179,0.005834851982380955,True,30.502536679007267,5.8446374585606975,11,1.7939341833952862,0.10306516533687465,True,0.9227,0.618,0.6093,True,False
306,74,70.42,16.37,-1.54,#c8a2af,354.6,41.891891891891895,-0.29159988417570837,31.0,-0.0507932514453354,0.9594902685038994,True,29.929715682799177,5.271816462352607,31,3.1341702069088635,0.003834972280118116,True,0.7869,0.6356,0.6881,False,True
307,18,75.74,21.17,-7.57,#dbadc9,340.3,38.88888888888889,-3.2946028871787103,7.0,-0.28303629759136506,0.7771490126847248,True,,,7,,,False,0.8609,0.6807,0.7887,False,False
308,70,78.01,16.13,-0.36,#deb6c2,358.7,15.714285714285714,-26.469206061781886,11.0,-4.484280206639009,7.316047238522851e-06,True,18.277056277056275,-6.380842943390295,11,-2.4799796273066876,0.03254396004975685,True,0.8725,0.7163,0.7609,True,False
309,12,82.66,30.45,-10.62,#fdb9e2,340.8,,,,,,False,,,3,,,False,0.9936,0.7289,0.8879,False,False
310,31,73.75,31.36,-14.35,#e2a1d0,335.4,19.35483870967742,-22.82865306639018,6.0,-2.573735674391554,0.010060710187692962,True,,,6,,,False,0.8872,0.632,0.8165,True,False
311,97,64.53,44.88,-9.86,#e07caf,347.6,44.329896907216494,2.146405131148893,43.0,0.4280557865975215,0.6686105053519007,True,23.978908688211014,-0.6789905322355558,43,-0.4647247638047511,0.6445288784338296,True,0.8791,0.4872,0.6874,False,False
312,113,71.22,47.96,-10.44,#f88bc2,347.7,41.5929203539823,-0.5905714220853009,47.0,-0.12712016754336355,0.8988452895615346,True,20.159785545423844,-4.498113675022726,47,-3.836749373046093,0.0003782473979515267,True,0.9737,0.5465,0.7636,False,True
313,15,75.42,12.47,-24.46,#bab4e6,297.0,66.66666666666666,24.483174890599063,10.0,1.9200660638266183,0.054849555208641716,True,23.954545454545457,-0.7033537659011131,10,-0.223536354149987,0.8281095695342924,True,0.7309,0.7065,0.9048,False,False
314,40,75.2,8.8,-17.0,#bab5d8,297.4,70.0,27.816508223932395,28.0,3.5623403949654633,0.0003675633718063492,True,24.171474358974365,-0.4864248614722051,28,-0.38463056453918126,0.7035241490179888,True,0.7311,0.7106,0.8485,True,False
315,56,75.9,5.28,-9.08,#bdb8cb,300.2,66.07142857142857,23.88793679536097,37.0,3.6197240402199187,0.0002949173694483341,True,25.23017523017523,0.572276009728661,37,0.6995442717978783,0.48870773945248264,True,0.7421,0.7239,0.7992,True,False
316,29,75.96,2.35,-14.96,#b1bbd6,278.9,37.93103448275862,-4.252457293308981,11.0,-0.46370498746868627,0.6428591234012162,True,18.485930735930737,-6.171968484515833,11,-3.0874665368901315,0.01149347807631993,True,0.6956,0.7334,0.8416,False,False
317,618,78.3,0.32,-7.6,#bbc2cf,272.4,33.17152103559871,-9.011970740468895,205.0,-4.536457201035149,5.720709226071996e-06,True,25.646309788595786,0.9884105681492166,205,1.5539297669857524,0.12175116889195392,True,0.7343,0.7609,0.8142,True,False
318,335,71.79,-0.14,-7.02,#a9b0bc,268.8,36.417910447761194,-5.765581328306407,122.0,-2.1368218380331476,0.0326124852259233,True,24.594181383166717,-0.06371783727985303,122,-0.07063308349130898,0.9438063866654415,True,0.6635,0.6921,0.7394,False,False
319,142,77.04,-0.74,-3.39,#b9bec4,257.8,39.436619718309856,-2.7468720577577432,56.0,-0.6628044432002674,0.5074558075970255,True,23.087831734599998,-1.5700674858465717,56,-1.4887936260162802,0.14225367829293512,True,0.7282,0.7485,0.7701,False,False
320,130,73.39,-0.35,-0.66,#b2b4b5,242.3,29.230769230769234,-12.952722545298368,38.0,-2.990443120017637,0.002785730056146987,True,24.15699679494247,-0.5009024255041012,38,-0.3277301353935924,0.7449630037768357,True,0.7018,0.7077,0.7113,True,False
321,194,67.83,1.13,-2.76,#a5a4aa,292.3,30.927835051546392,-11.255656724521208,60.0,-3.1744940090928306,0.001500979892561286,True,26.661836080586077,2.0039368601395076,60,1.3435857441436307,0.18422720992347077,True,0.6471,0.6462,0.6673,True,False
322,90,66.17,0.82,-8.07,#9ba0af,275.8,37.77777777777778,-4.405713998289823,34.0,-0.8463312227270935,0.3973679946401373,True,20.555941607412194,-4.101957613034376,34,-2.6642811523019168,0.011842736026925234,True,0.6081,0.6311,0.6868,False,False
323,108,64.48,-0.8,-4.8,#969da4,260.5,67.5925925925926,25.409100816524994,73.0,5.346923634534573,8.946173850226775e-08,True,24.97720601316492,0.3193067927183506,73,0.2609372073736382,0.7948858329511275,True,0.5903,0.6161,0.6461,True,False
324,75,80.89,-2.0,-12.61,#b8cae0,261.0,61.33333333333333,19.149841557265727,46.0,3.358138656679808,0.0007846924074756042,True,22.66834554334554,-1.9895536771010285,46,-1.5043371255013183,0.13948146151093158,True,0.722,0.7959,0.8787,True,False
325,120,75.5,-3.3,-15.48,#a3bdd6,258.0,42.5,0.3165082239323991,51.0,0.07020667888287438,0.9440291584653144,True,26.048159395728145,1.3902601752815755,51,1.0736608696648842,0.28812910945973075,True,0.6396,0.7414,0.8396,False,False
326,78,70.45,2.04,-11.96,#a5abc1,279.7,25.64102564102564,-16.542466135041963,20.0,-2.958355512237383,0.0030928519716808627,True,19.673076923076923,-4.9848222973696465,20,-2.4456125026523394,0.024371629301120603,True,0.6472,0.6745,0.76,True,False
327,63,68.68,0.54,-17.92,#96a8c7,271.7,31.746031746031743,-10.437460030035856,20.0,-1.6775207754723287,0.09344069036161216,True,24.063736263736267,-0.5941629567103028,20,-0.27994365172503527,0.7825457629870635,True,0.5898,0.6613,0.7828,False,False
328,85,85.95,14.22,0.73,#f2cdd6,2.9,51.76470588235295,9.581214106285346,44.0,1.7886806772703865,0.07366625658285875,True,22.107041794541797,-2.5508574259047734,44,-1.718011188913898,0.09298873353030984,True,0.9514,0.807,0.8393,False,False
329,22,81.67,15.52,9.98,#eec0b9,32.7,81.81818181818183,39.63469004211422,18.0,3.7643466862694077,0.00016698508078111287,True,26.42746913580247,1.7695699153558984,18,0.9564537516809757,0.35224796154294874,True,0.9368,0.7544,0.7257,True,False
330,8,84.75,9.21,9.62,#eccdc1,46.3,,,,,,False,,,6,,,False,0.9271,0.8044,0.7604,False,False
331,87,81.37,11.02,-11.83,#d5c4e0,312.9,85.0574712643678,42.873979488300215,74.0,8.097598313204102,5.605479962239695e-16,True,27.060857483484792,2.4029582630382222,74,2.1776089236439566,0.03266730581407811,True,0.8355,0.7695,0.8798,True,False
332,37,87.85,8.15,-7.23,#e6d7ea,318.4,72.97297297297297,30.78948119690537,27.0,3.7923292913211446,0.00014924083822781696,True,24.607396234847215,-0.050502985599354844,27,-0.024889155881994217,0.9803334225171115,True,0.902,0.8461,0.9181,True,False
333,58,79.58,10.7,-1.87,#d8bec8,350.1,18.96551724137931,-23.21797453468829,11.0,-3.5804790311974406,0.000342964867102141,True,20.938826222917132,-3.7190729975294374,11,-1.234135216105188,0.24536903103729105,True,0.8472,0.7479,0.7881,True,False
334,98,83.47,5.48,0.93,#dbccce,9.6,55.10204081632652,12.918549040258926,54.0,2.5895814974501583,0.009609267421475597,True,27.574801570171946,2.916902349725376,54,2.223998469503353,0.03043188499911483,True,0.8605,0.8021,0.8094,True,False
335,286,81.74,2.2,3.82,#d2c9c4,60.1,42.30769230769231,0.12420053162470746,121.0,0.04253136084092564,0.9660751120257793,True,24.310250098936997,-0.3476491215095727,121,-0.40841663330387484,0.6836956972988539,True,0.8259,0.7904,0.7691,False,False
336,304,75.67,1.89,-2.21,#bcb9be,310.4,42.76315789473684,0.579666118669242,130.0,0.20465271751331346,0.837843464376139,True,26.318128822468385,1.6602296020218148,130,1.9835578423976319,0.0494285796884532,True,0.738,0.7274,0.7471,False,False
337,92,83.72,2.59,-4.04,#d2cfd8,302.7,42.391304347826086,0.20781257175848666,39.0,0.04036161523365932,0.9678048319032371,True,20.004116044840025,-4.653783175606545,39,-3.560080292181799,0.0010160772647601606,True,0.8244,0.8134,0.8481,False,True
338,593,83.19,1.02,-1.66,#cfced2,301.6,39.96627318718381,-2.2172185888837905,237.0,-1.0932982804327707,0.2742628576508823,True,24.827703025133957,0.16980380468738687,237,0.26050047035266655,0.7947049022289704,True,0.8147,0.8106,0.8246,False,False
339,283,90.43,0.83,-3.98,#e1e3eb,281.8,36.042402826855124,-6.141088949212476,102.0,-2.091902374927022,0.036447249607981846,True,23.565900936632588,-1.0919982838139823,102,-1.1225150262067518,0.2643049065833025,True,0.8847,0.8916,0.922,False,False
340,466,84.16,0.46,-6.64,#ccd2de,274.0,39.91416309012876,-2.269328685938843,186.0,-0.99195773585819,0.3212181428418277,True,24.911594399632186,0.2536951791856161,186,0.3961578904428611,0.6924450879036271,True,0.8026,0.8241,0.8717,False,False
341,601,83.23,-0.38,2.6,#d0cfca,98.3,39.93344425956739,-2.2500475165002145,240.0,-1.1169448576178682,0.2640179031757971,True,25.061050172850187,0.4031509524036174,240,0.6903488675372043,0.49064467455496935,True,0.8187,0.8131,0.7938,False,False
342,1941,91.55,0.74,-0.72,#e7e6e8,315.9,40.030911901081915,-2.152579874985683,777.0,-1.9203255076116306,0.05481679637097156,True,23.560688089655383,-1.0972111307911874,777,-3.5140879766335327,0.0004668298287432932,True,0.9082,0.9033,0.9103,False,True
343,37,88.39,3.32,2.96,#e6dbd8,41.7,62.16216216216216,19.97867038609456,23.0,2.4607656238927427,0.013864090218547013,True,25.330572808833676,0.6726735883871058,23,0.27895301033328695,0.7828863150839516,True,0.9053,0.8609,0.8482,True,False
344,354,90.18,0.74,3.7,#e7e2db,78.7,59.32203389830508,17.13854212223748,210.0,6.5294757694396495,6.600028755880285e-11,True,24.626002822657615,-0.031896397788955255,210,-0.04765797290093763,0.9620343380334629,True,0.9079,0.8867,0.8621,True,False
345,37,69.8,7.75,1.59,#baa5a7,11.6,32.432432432432435,-9.751059343635166,12.0,-1.2010344615353612,0.22973783376336965,True,24.795654372860255,0.13775515241368552,12,0.054011673888279724,0.9578943335630762,True,0.7299,0.6501,0.6584,False,False
346,59,73.59,10.98,1.78,#caadb1,9.2,23.728813559322035,-18.454678216745567,14.0,-2.870352868305455,0.004100139600747837,True,16.112244897959183,-8.545654322487387,14,-5.378898997208078,0.00012560296498495676,True,0.794,0.682,0.6977,True,True
347,34,75.09,5.52,1.68,#c4b5b5,16.9,55.88235294117647,13.698861165108871,19.0,1.6174346030816005,0.1057845014436576,True,28.419365721997302,3.761466501550732,19,1.589433579838481,0.1293723762116382,True,0.7713,0.7114,0.7135,False,False
348,86,74.42,7.28,7.85,#cab2a8,47.2,45.348837209302324,3.165345433234723,39.0,0.594392258364809,0.5522497851813868,True,24.778326074884777,0.12042685443820744,39,0.10443972904345826,0.9173697053183474,True,0.794,0.6983,0.6627,False,False
349,80,79.65,5.61,10.7,#d8c1b1,62.3,50.0,7.8165082239324,40.0,1.4156653097434841,0.15687351971400246,True,24.115239707320452,-0.542659513126118,40,-0.35912020910309367,0.7214422362936874,True,0.8475,0.7578,0.6973,False,False
350,102,76.61,3.03,7.5,#c8baaf,68.0,46.07843137254902,3.894939596481417,47.0,0.7965327194380076,0.4257224656363515,True,25.510620012028017,0.8527207915814472,47,0.5705571099899681,0.5710766305874508,True,0.7869,0.7321,0.6877,False,False
351,313,71.83,1.26,3.49,#b5afa9,70.1,37.69968051118211,-4.48381126488549,118.0,-1.6062838758510383,0.10821155147485584,True,25.312090631329667,0.6541914108830973,118,0.809903615788995,0.4196397364242991,True,0.7107,0.6863,0.6655,False,False
352,516,77.88,0.32,2.89,#c3c0bb,83.6,46.70542635658915,4.521934580521547,241.0,2.079945393448456,0.037530541784778486,True,25.710859114555607,1.052959894109037,241,1.8632114660459858,0.06365401955341494,True,0.7668,0.7533,0.734,False,False
353,25,49.18,41.06,46.31,#c05326,48.4,32.0,-10.1834917760676,8.0,-1.0310257896678099,0.30252872604924597,True,,,8,,,False,0.7551,0.329,0.1493,False,False
354,27,52.78,44.07,35.42,#cd5a43,38.8,66.66666666666666,24.483174890599063,18.0,2.5760389440040607,0.009993938942451916,True,32.5522749023136,7.894375681867029,18,4.340168566201363,0.00044482919091898716,True,0.8058,0.3548,0.2647,True,True
355,15,54.29,62.53,51.2,#eb452b,39.3,46.666666666666664,4.483174890599067,7.0,0.3515880601312103,0.7251472208351339,True,,,7,,,False,0.925,0.2706,0.1704,False,False
356,21,50.94,55.2,52.91,#d8461e,43.8,66.66666666666666,24.483174890599063,14.0,2.2718528044840625,0.02309540227388787,True,21.432250565638036,-3.225648654808534,14,-1.7848964584584062,0.09761815799805562,True,0.8482,0.2776,0.1185,False,False
357,75,47.64,59.27,45.94,#d13625,37.8,81.33333333333333,39.14984155726574,61.0,6.865362094155908,6.6322808234565446e-12,True,22.334957606781142,-2.322941613665428,61,-1.8577833992300634,0.06810855547149267,True,0.8228,0.2144,0.1489,True,False
358,123,42.79,60.97,41.21,#c32224,34.1,45.52845528455284,3.3449635084852436,56.0,0.7511847235151747,0.4525414926328807,True,20.330359620538193,-4.327539599908377,56,-4.370817947440015,5.542618665201026e-05,True,0.7678,0.1359,0.1424,False,True
359,113,43.28,62.77,33.65,#c62032,28.2,50.442477876106196,8.258986100038596,57.0,1.7777421282392736,0.07544621716623563,True,25.66994097520413,1.0120417547575613,57,0.9002597104095155,0.3718373148729552,True,0.7782,0.1263,0.1989,False,False
360,166,47.88,67.71,39.8,#db2432,30.4,28.915662650602407,-13.267829125465191,48.0,-3.461439306625852,0.0005372952559967734,True,20.47588986688056,-4.182009353566009,48,-3.5596188231253154,0.0008621577101063661,True,0.8621,0.1418,0.2,True,True
361,16,39.47,49.33,44.17,#ac2f14,41.8,75.0,32.8165082239324,12.0,2.658001168929936,0.007860562039652816,True,27.914968498511616,3.257069278065046,12,1.1561087537894177,0.2721292499618236,True,0.6755,0.1868,0.0821,True,False
362,23,47.03,39.67,35.02,#b65036,41.4,95.65217391304348,53.468682136975886,22.0,5.1923768547831415,2.0762619897022133e-07,True,33.27156434896373,8.613665128517159,22,4.139351411529069,0.0004656394179260919,True,0.7153,0.3149,0.2137,True,True
363,19,43.4,41.06,28.23,#ab453a,34.5,63.1578947368421,20.9744029607745,12.0,1.8512676633559966,0.0641310557131147,True,29.036288126361658,4.378388905915088,12,1.7626252152895874,0.10568794411894687,True,0.6742,0.2739,0.2278,False,False
364,21,62.04,46.28,22.99,#e9716f,26.4,47.61904761904761,5.435555842980016,10.0,0.5043783267890437,0.6139955452224901,True,25.306306306306304,0.6484070858597342,10,0.3888982268656032,0.7063921897092625,True,0.9155,0.4445,0.4384,False,False
365,72,62.09,51.67,18.25,#ef6c78,19.4,48.61111111111111,6.427619335043511,35.0,1.1043817062124155,0.2694275930037854,True,18.77618940590277,-5.8817098145438,35,-3.933432519606997,0.0003917317206808957,True,0.9388,0.4236,0.4724,False,True
366,22,67.05,50.89,12.56,#fb7a8f,13.9,77.27272727272727,35.08923549665967,17.0,3.332637324152813,0.0008602700392422232,True,18.240896358543417,-6.417002861903153,17,-3.019385095418536,0.008143303594082225,True,0.9862,0.4817,0.5609,True,False
367,49,68.63,33.13,15.43,#e78f8d,25.0,63.26530612244898,21.081814346381382,31.0,2.9881942919879316,0.002806310918672667,True,25.38479262672811,0.7268934062815404,31,0.2987924312649151,0.7671584310665125,True,0.9087,0.5628,0.5537,True,False
368,65,57.04,68.4,6.42,#f14780,5.4,35.38461538461539,-6.798876391452213,23.0,-1.1099326608545905,0.26702804510694866,True,24.009764072693137,-0.6481351477534325,23,-0.3862719593520999,0.7030057546101872,True,0.9487,0.279,0.5047,False,False
369,122,59.4,62.24,17.51,#f45773,15.7,47.540983606557376,5.357491830489774,58.0,1.198241177870634,0.23082313890657546,True,18.996553959916028,-5.661345260530542,58,-4.641541508748981,2.0749253183184945e-05,True,0.9603,0.3413,0.4533,False,True
370,14,57.96,60.83,36.19,#f3534f,30.7,50.0,7.8165082239324,7.0,0.5922152878066769,0.553706433455548,True,,,7,,,False,0.9537,0.3272,0.3131,False,False
371,107,52.36,67.14,39.39,#e9363d,30.4,31.775700934579437,-10.407790841488163,34.0,-2.1799837288956994,0.029258667682326312,True,22.866548857050727,-1.7913503633958427,34,-1.1377551030937931,0.2634162630225431,True,0.916,0.2142,0.2422,False,False
372,54,50.4,46.18,24.55,#c65250,28.0,48.148148148148145,5.964656372080546,26.0,0.88753423872765,0.37479134093331035,True,28.631011082934155,3.9731118624875847,26,2.464969641673547,0.02092104909024147,True,0.7779,0.3234,0.317,False,False
373,108,54.55,49.51,22.19,#d6595e,24.1,36.11111111111111,-6.072380664956489,39.0,-1.2778317473647258,0.20130875779320478,True,25.100035721213633,0.442136500767063,39,0.2957151996620805,0.7690575495191951,True,0.8417,0.3522,0.3724,False,False
374,18,62.84,32.05,32.4,#db8060,45.3,72.22222222222221,30.03873044615462,13.0,2.580599647657456,0.009862888730516153,True,18.60879120879121,-6.04910801165536,13,-2.6143848412480764,0.02261797605125314,True,0.8593,0.5024,0.3771,True,False
375,13,63.42,44.0,31.13,#ed7664,35.3,,,,,,False,35.8125,11.15460077955343,10,2.9837373415566932,0.015356162527621078,True,0.9295,0.466,0.3949,False,False
376,10,64.41,42.13,53.45,#f27a3c,51.8,,,,,,False,,,5,,,False,0.9516,0.4795,0.2371,False,False
377,7,58.49,53.38,55.02,#ee5e2b,45.9,,,,,,False,,,3,,,False,0.9357,0.3689,0.1724,False,False
378,49,61.78,15.66,7.85,#b58b88,26.6,59.183673469387756,17.000181693320155,29.0,2.4096524646350765,0.01596772277789409,True,25.98727025376201,1.3293710333154394,29,0.631136950071067,0.5330696653798703,True,0.7117,0.5454,0.5335,True,False
379,32,66.82,16.82,7.66,#c59795,24.5,37.5,-4.6834917760676,12.0,-0.5364726159689769,0.591631956678456,True,24.09366096866097,-0.5642382517855999,12,-0.17542767451090074,0.8639311560815034,True,0.7737,0.5942,0.5864,False,False
380,82,68.21,11.6,8.04,#c09e98,34.7,57.3170731707317,15.133581394664104,47.0,2.774926283265169,0.005521422139159563,True,21.222360169234758,-3.435539051211812,47,-3.2584084147547663,0.0021098381795510595,True,0.756,0.6222,0.5973,True,True
381,20,73.65,19.64,15.05,#e1a79a,37.5,40.0,-2.183491776067598,8.0,-0.19772854277980856,0.8432574566743853,True,,,8,,,False,0.8839,0.656,0.6053,False,False
382,35,74.89,26.45,25.19,#f4a58b,43.6,11.428571428571429,-30.754920347496174,4.0,-3.6842698841270156,0.0002293591255684179,True,,,4,,,False,0.9588,0.6471,0.547,True,False
383,77,64.23,27.16,14.61,#d18882,28.3,57.14285714285714,14.95936536678954,44.0,2.658038942477917,0.007859681057218635,True,23.502139905548997,-1.1557593148975727,44,-0.7901023070162819,0.4338037945962351,True,0.8218,0.5362,0.5137,True,False
384,113,67.65,26.7,22.15,#de917e,39.7,66.3716814159292,24.18818963986161,75.0,5.20649426064802,1.9244164352841997e-07,True,22.434468971574237,-2.223430248872333,75,-2.1651645521405096,0.033599222072614614,True,0.8709,0.571,0.4953,True,False
385,11,50.07,26.25,22.43,#aa6452,40.5,,,,,,False,,,3,,,False,0.6692,0.3947,0.323,False,False
386,46,48.07,17.24,21.66,#98664e,51.5,34.78260869565217,-7.400883080415427,16.0,-1.0164014277622244,0.30943826601485647,True,23.65782590209997,-1.000073318346601,16,-0.41055638182385434,0.6872024668393543,True,0.5977,0.4016,0.3077,False,False
387,24,50.91,16.56,33.28,#a36d40,63.5,66.66666666666666,24.483174890599063,16.0,2.4287128078745392,0.015152529717058709,True,33.59923245614035,8.94133323569378,16,4.58640398522512,0.0003564673560865234,True,0.6393,0.4291,0.2538,True,True
388,20,56.83,18.63,32.37,#b67a50,60.1,40.0,-2.183491776067598,8.0,-0.19772854277980856,0.8432574566743853,True,,,8,,,False,0.7158,0.4821,0.3162,False,False
389,76,50.41,15.37,7.89,#966e6b,27.2,56.57894736842105,14.395455592353452,43.0,2.5411775951134974,0.01104797859576352,True,24.13147400001334,-0.5264252204332287,43,-0.34998181475990897,0.7281013787416722,True,0.5886,0.4323,0.4204,True,False
390,67,55.8,19.82,8.01,#ab7878,22.0,73.13432835820896,30.950836582141356,49.0,5.129943724502679,2.8982881090967375e-07,True,27.255783382283983,2.5978841618374133,49,1.7556860162795518,0.08552185437019005,True,0.6727,0.4738,0.4732,True,False
391,40,58.38,26.07,20.59,#c17a69,38.3,67.5,25.316508223932406,27.0,3.242176163146053,0.0011862067393568554,True,26.90454332362983,2.246644103183261,27,1.0895343947100125,0.2859140235575232,True,0.7591,0.4785,0.4147,True,False
392,35,56.6,30.96,16.48,#c1716c,28.0,54.285714285714285,12.102222509646682,19.0,1.4497795285925799,0.14712000995350585,True,20.514354066985646,-4.143545153460924,19,-2.182971314475439,0.042525499698321804,True,0.7599,0.446,0.4261,False,False
393,13,51.33,7.5,15.65,#907560,64.4,,,,,,False,,,3,,,False,0.5665,0.4591,0.3765,False,False
394,11,57.36,5.32,20.18,#9f8566,75.2,,,,,,False,,,2,,,False,0.6251,0.5234,0.4034,False,False
395,34,52.28,5.76,22.0,#937857,75.3,26.47058823529412,-15.712903540773482,9.0,-1.8552340662055646,0.06356280896559875,True,,,9,,,False,0.5774,0.4713,0.3424,False,False
396,28,48.93,2.86,4.99,#7c726b,60.2,50.0,7.8165082239324,14.0,0.8375188918608882,0.4023009623655964,True,25.77828499820981,1.1203857777632393,14,0.5325260295760076,0.6033453749166572,True,0.4892,0.4484,0.4233,False,False
397,21,48.61,3.12,12.21,#80705f,75.6,23.809523809523807,-18.37396796654379,5.0,-1.70496477032973,0.08820099508533319,True,,,5,,,False,0.5048,0.4431,0.3728,False,False
398,24,51.34,-0.16,18.62,#85795a,90.5,29.166666666666668,-13.016825109400932,7.0,-1.291259405789075,0.1966137418757281,True,,,7,,,False,0.525,0.4758,0.3553,False,False
399,57,52.4,-0.75,9.38,#827c6d,94.6,56.14035087719298,13.95685910112538,32.0,2.133673332999751,0.0328695304448024,True,24.199919871794872,-0.45797934865169765,32,-0.3006230021638622,0.765708977831377,True,0.5113,0.4894,0.4275,False,False
400,41,59.0,5.69,1.31,#998a8b,12.9,53.65853658536586,11.475044809298257,22.0,1.4878156608546649,0.1367995144134813,True,29.69460948899939,5.03671026855282,22,2.569340375082836,0.017874524318715383,True,0.6007,0.5435,0.5484,False,False
401,107,60.54,2.06,-0.3,#959092,351.8,28.037383177570092,-14.14610859849751,30.0,-2.963000221813325,0.0030465634954371518,True,22.701566951566956,-1.9563322688796134,30,-1.0452494068149525,0.3045424711161363,True,0.5864,0.5679,0.5746,True,False
402,44,64.37,5.73,2.68,#a89897,25.0,36.36363636363637,-5.819855412431235,16.0,-0.7817022118908288,0.4343896014679831,True,25.064732142857146,0.406832922410576,16,0.181676719464499,0.8582687167747189,True,0.661,0.598,0.594,False,False
403,172,66.01,1.32,2.6,#a49f9b,63.1,26.16279069767442,-16.02070107839318,45.0,-4.25450019630121,2.0951647599549734e-05,True,24.634607984607985,-0.023291235838584612,45,-0.017486805617348323,0.9861273145955748,True,0.6468,0.6252,0.6109,True,False
404,52,58.16,5.1,10.51,#9c8879,64.1,32.69230769230769,-9.491184083759908,17.0,-1.3858776018647192,0.16578428120256272,True,24.418378130716725,-0.23952108972984476,17,-0.15305357333350408,0.8802696383859383,True,0.6119,0.5341,0.4774,False,False
405,91,56.85,2.32,4.06,#8f8681,60.3,39.56043956043956,-2.623052215628041,36.0,-0.5066761238156566,0.61238208602298,True,26.246134756196675,1.5882355357501048,36,1.0893267003350193,0.2834535919226943,True,0.5632,0.5287,0.5076,False,False
406,48,53.53,5.43,4.19,#8c7c78,37.7,37.5,-4.6834917760676,18.0,-0.6570420850500339,0.5111538562930766,True,22.925371039922126,-1.7325281805244437,18,-1.0823721782160698,0.2942017420674494,True,0.5506,0.4884,0.4741,False,False
407,8,50.08,24.88,-22.73,#8e699e,317.6,,,,,,False,,,4,,,False,0.5607,0.4132,0.6197,False,False
408,33,47.8,14.58,-25.38,#736b9c,299.9,51.515151515151516,9.331659739083914,17.0,1.0854721169214971,0.2777126066872966,True,19.156290632964062,-5.501608587482508,17,-2.519226746031587,0.022775100800732532,True,0.4544,0.4198,0.6125,False,False
409,15,44.22,7.0,-11.59,#6b657b,301.1,73.33333333333333,31.149841557265727,11.0,2.442892065058421,0.014570094111290646,True,28.831168831168835,4.173269610722265,11,2.653970360826362,0.024147925810686106,True,0.42,0.3981,0.4852,True,False
410,54,44.72,11.73,-20.52,#6c648b,299.7,59.25925925925925,17.075767483191655,32.0,2.5408552225781453,0.011058169894537603,True,22.75893530489119,-1.898963915555381,32,-1.0040489181947034,0.3231283798268704,True,0.4237,0.3951,0.5486,True,False
411,47,39.6,11.71,-21.31,#5e587f,298.8,57.446808510638306,15.263316734570703,27.0,2.118852147140453,0.034102964122539214,True,26.003626003626007,1.3457267831794368,27,0.6903199627053602,0.4961096657140113,True,0.3702,0.3468,0.5017,False,False
412,114,48.36,4.31,-18.37,#697191,283.2,42.10526315789473,-0.0782286181728653,48.0,-0.016913009467232017,0.9865060141979737,True,26.048650260414963,1.3907510399683929,48,1.2437829241959057,0.2197474027876755,True,0.4123,0.4466,0.5712,False,False
413,89,43.51,4.58,-19.21,#5c6586,283.4,44.9438202247191,2.7603284486515003,40.0,0.5273009722137976,0.5979845992343109,True,26.04973879161853,1.3918395711719604,40,1.3659346577923523,0.17978518824851225,True,0.3629,0.3992,0.5271,False,False
414,101,67.55,8.18,-18.65,#a2a1c5,293.7,61.386138613861384,19.202646837793786,62.0,3.9077303595270383,9.316719796719813e-05,True,22.239413367136986,-2.4184858533095834,62,-2.2074147232607926,0.03105671436721495,True,0.6378,0.632,0.7764,True,False
415,54,68.62,7.14,-12.83,#a9a4be,299.1,51.85185185185185,9.66836007578425,28.0,1.4386412333444818,0.15025219744808943,True,20.903139109368965,-3.754760111077605,28,-1.947950919832338,0.06188695526689048,True,0.6645,0.6436,0.747,False,False
416,23,64.45,10.95,-11.98,#a696b1,312.4,47.82608695652174,5.6425951804541405,11.0,0.547955914470535,0.583722174142451,True,16.340600575894694,-8.317298644551876,11,-4.455910151529538,0.0012238709641467355,True,0.6523,0.5907,0.6969,False,True
417,27,62.99,9.71,-6.35,#a493a3,326.8,22.22222222222222,-19.96126955384538,6.0,-2.1002589726307375,0.035706066224308275,True,,,6,,,False,0.647,0.5769,0.6425,False,False
418,11,61.05,21.37,-26.58,#a288c2,308.8,,,,,,False,,,9,,,False,0.6366,0.5344,0.7623,False,False
419,51,58.6,5.39,-13.05,#8b8aa3,292.4,56.86274509803921,14.679253321971613,29.0,2.1227158396938703,0.033777670875256655,True,26.99383078277252,2.33593156232595,29,1.135007195241519,0.2659953847348292,True,0.5462,0.5444,0.6418,False,False
420,55,61.13,8.53,-19.04,#9190b5,294.1,56.36363636363636,14.18014458756876,31.0,2.12943707534014,0.033218115769308894,True,19.61885560675883,-5.039043613687738,31,-2.857312572232564,0.007690687178321304,True,0.5718,0.565,0.7099,False,False
421,41,55.07,6.96,-22.85,#7a81ab,286.9,43.90243902439025,1.7189472483226442,18.0,0.22287291062821235,0.8236344203137161,True,28.476831810165145,3.8189325897185746,18,2.12465818938805,0.048579896695301376,True,0.4797,0.5088,0.6714,False,False
422,100,54.56,10.38,-19.49,#837ea4,298.0,56.00000000000001,13.816508223932406,56.0,2.797699770428358,0.0051467928594358826,True,25.423987322201608,0.766088101755038,56,0.5167254408797226,0.6074194825773513,True,0.5167,0.4943,0.6436,True,False
423,100,51.9,24.37,0.18,#a36c7c,0.4,41.0,-1.1834917760676023,41.0,-0.23964482317412902,0.8106056132125166,True,26.98951528184733,2.3316160614007586,41,1.9928718116598731,0.05312872398535585,True,0.6411,0.4242,0.4872,False,False
424,21,52.23,25.8,-10.5,#9f6c8f,337.8,42.857142857142854,0.673651081075255,9.0,0.06250970736528898,0.9501569316998473,True,,,9,,,False,0.6271,0.4268,0.5612,False,False
425,32,54.09,8.79,-5.61,#8c7c8b,327.4,25.0,-17.1834917760676,8.0,-1.9682905885933875,0.04903461220618231,True,,,8,,,False,0.5508,0.4888,0.5455,False,False
426,54,56.34,10.34,-12.59,#8f829d,309.4,83.33333333333334,41.14984155726574,45.0,6.123050687587552,9.180047489915414e-10,True,21.593586060252726,-3.0643131601938443,45,-2.62592190492466,0.011843060407554739,True,0.5614,0.5099,0.6157,True,False
427,48,52.3,2.83,-2.88,#7f7b81,314.4,56.25,14.0665082239324,27.0,1.9733754930570404,0.04845279760772324,True,26.321199664090948,1.6633004436443777,27,1.047079197197091,0.3047000139531324,True,0.5,0.4838,0.5086,False,False
428,52,50.79,7.5,-12.14,#7c758d,301.7,48.07692307692308,5.893431300855479,25.0,0.8605432542351976,0.3894896509013378,True,21.227729336248604,-3.4301698841979658,25,-1.9668906676400284,0.06086072755418954,True,0.4864,0.4611,0.5552,False,False
