cluster_id,lab_l,lab_a,lab_b,r,g,b,hex_color,hue_angle,n_products
1,47.3,-35.22,43.01,0.2744,0.493,0.1238,#457d1f,129.3,3
2,55.12,-11.64,27.98,0.5066,0.5352,0.3242,#818852,112.6,6
3,49.37,-15.92,25.62,0.4142,0.4856,0.2859,#697b48,121.9,22
4,42.36,-21.61,11.69,0.2627,0.4279,0.314,#426d50,151.6,7
5,38.08,-34.53,12.4,0.0171,0.4035,0.2686,#046644,160.2,24
6,43.12,-36.8,11.76,0.0275,0.4566,0.3187,#077451,162.3,61
7,49.81,-36.06,5.06,0.0777,0.525,0.4269,#13856c,172.0,35
8,53.17,-43.01,13.89,0.05,0.5675,0.3989,#0c9065,162.1,38
9,48.75,-40.56,13.97,0.0495,0.5185,0.3564,#0c845a,161.0,46
10,49.63,-19.3,0.72,0.3063,0.4987,0.4556,#4e7f74,177.9,65
11,42.96,-31.81,3.04,0.0491,0.4501,0.3747,#0c725f,174.5,33
12,39.85,2.9,17.41,0.4255,0.3585,0.2576,#6c5b41,80.6,100
13,39.79,1.35,34.89,0.439,0.3588,0.1354,#6f5b22,87.8,12
14,33.5,3.14,28.66,0.3784,0.2975,0.1265,#604b20,83.8,26
15,39.01,1.2,1.45,0.3723,0.3574,0.3512,#5e5b59,50.4,138
16,38.61,-0.55,6.49,0.3704,0.3561,0.3155,#5e5a50,94.8,117
17,32.95,-0.85,4.24,0.3098,0.3045,0.2778,#4f4d46,101.4,47
18,34.28,-0.3,13.61,0.346,0.3138,0.2316,#58503b,91.3,134
19,35.05,-4.67,12.1,0.3235,0.3296,0.2473,#52543f,111.1,32
20,39.72,-2.1,9.69,0.3786,0.3689,0.3051,#605e4d,102.2,96
21,41.56,-5.99,15.2,0.3836,0.393,0.286,#616448,111.5,26
22,39.47,-10.96,23.07,0.3467,0.3808,0.2142,#586136,115.4,12
23,44.98,-1.07,5.77,0.4264,0.4181,0.3797,#6c6a60,100.5,160
24,46.05,0.01,8.97,0.4521,0.4255,0.3693,#736c5e,89.9,28
25,43.34,-3.12,12.26,0.4129,0.405,0.3219,#696752,104.3,95
26,49.26,-4.13,17.6,0.4765,0.4637,0.3419,#797657,103.2,33
27,48.58,-0.67,18.18,0.4929,0.4498,0.3322,#7d7254,92.1,40
28,43.8,0.33,17.56,0.4499,0.4015,0.2921,#72664a,88.9,98
29,17.77,0.71,7.47,0.1908,0.1679,0.1289,#302a20,84.6,72
30,19.33,-1.75,9.12,0.1937,0.1851,0.1317,#312f21,100.9,22
31,22.82,-0.21,5.57,0.2257,0.2127,0.1812,#39362e,92.2,83
32,31.69,-1.39,10.09,0.3083,0.2928,0.2305,#4e4a3a,97.8,105
33,26.39,-3.19,10.82,0.2507,0.2485,0.1801,#3f3f2d,106.4,140
34,29.02,0.73,19.22,0.3109,0.2633,0.1511,#4f4326,87.8,56
35,25.58,2.45,14.71,0.2815,0.23,0.1506,#473a26,80.5,25
36,30.47,3.28,11.79,0.3272,0.2722,0.2101,#534535,74.4,85
37,22.58,-22.35,7.38,0.0376,0.2432,0.1661,#093e2a,161.7,16
38,26.28,-15.01,6.22,0.1547,0.2672,0.2052,#274434,157.5,131
39,32.3,-15.85,8.25,0.2081,0.3234,0.2454,#35523e,152.5,133
40,31.5,-29.91,10.15,0.0138,0.3346,0.2249,#035539,161.3,17
41,33.45,-22.88,5.19,0.1323,0.3449,0.2738,#215745,167.2,31
42,39.47,-18.23,-0.33,0.2134,0.3969,0.3646,#36655c,181.0,7
43,33.02,-13.33,3.36,0.2177,0.3272,0.2823,#375347,165.9,58
44,30.11,-6.63,-0.15,0.2318,0.2901,0.2782,#3b4946,181.3,111
45,25.92,-10.72,1.23,0.1685,0.2586,0.2322,#2a413b,173.5,80
46,21.1,26.05,-27.66,0.2624,0.1443,0.3603,#42245b,313.3,18
47,26.39,25.21,-33.83,0.2796,0.1971,0.4488,#473272,306.7,76
48,31.19,10.58,-13.12,0.3147,0.2691,0.3683,#50445d,308.9,64
49,26.57,5.89,-12.91,0.242,0.2382,0.3232,#3d3c52,294.5,78
50,26.14,3.35,-15.06,0.2106,0.2403,0.3318,#353d54,282.5,170
51,22.14,6.78,-20.79,0.1717,0.2009,0.3285,#2b3353,288.1,457
52,27.73,8.37,-22.42,0.2269,0.2467,0.3914,#393e63,290.5,207
53,23.83,8.59,-8.28,0.2508,0.207,0.2712,#3f3445,316.1,27
54,17.51,4.35,-6.21,0.1768,0.1618,0.2034,#2d2933,305.0,52
55,15.84,3.27,-12.07,0.1343,0.1519,0.2214,#222638,285.2,797
56,19.02,13.37,-32.73,0.1136,0.166,0.3694,#1c2a5e,292.2,214
57,14.32,5.95,-17.93,0.1117,0.1365,0.2407,#1c223d,288.4,310
58,18.29,5.6,-18.12,0.1427,0.1698,0.2774,#242b46,287.2,377
59,8.6,11.31,-17.01,0.1056,0.0798,0.186,#1a142f,303.6,28
60,12.76,18.65,-24.98,0.1514,0.097,0.2666,#261843,306.8,62
61,12.28,10.16,-25.68,0.0742,0.1152,0.2656,#121d43,291.6,240
62,38.11,24.37,-59.38,0.1668,0.3219,0.7343,#2a52bb,292.3,52
63,39.27,16.84,-43.11,0.2779,0.3417,0.6393,#4657a3,291.3,69
64,42.58,38.38,-41.3,0.4988,0.3066,0.6642,#7f4ea9,312.9,5
65,32.7,35.27,-43.73,0.3625,0.2265,0.5755,#5c3992,308.9,7
66,36.41,15.54,-49.77,0.1442,0.3225,0.6523,#2452a6,287.3,199
67,39.03,11.22,-47.73,0.1372,0.3553,0.6666,#225aa9,283.2,200
68,34.31,-5.44,-28.3,0.0519,0.3354,0.4916,#0d557d,259.1,59
69,30.2,-1.39,-29.23,0.0684,0.2909,0.4567,#114a74,267.3,124
70,27.25,-2.46,-14.3,0.1759,0.2609,0.3373,#2c4255,260.2,62
71,27.39,0.82,-12.61,0.2137,0.2555,0.3287,#364153,273.7,207
72,23.72,-2.23,-23.14,0.0609,0.2324,0.3567,#0f3b5a,264.5,52
73,25.94,12.88,-37.7,0.1332,0.2285,0.4673,#213a77,288.9,119
74,33.88,3.72,-18.32,0.2684,0.3103,0.4256,#444f6c,281.5,218
75,31.51,5.94,-25.98,0.2202,0.2872,0.45,#384972,282.9,30
76,37.13,9.87,-32.33,0.2694,0.3329,0.5469,#44548b,287.0,51
77,31.47,15.58,-45.26,0.1445,0.2751,0.5712,#244691,289.0,355
78,24.62,21.5,-41.85,0.1761,0.198,0.4799,#2c327a,297.2,61
79,31.2,27.61,-52.12,0.2178,0.245,0.6128,#373e9c,297.9,30
80,15.04,1.26,-2.02,0.1501,0.1463,0.1592,#262528,301.9,5117
81,12.9,0.56,-0.45,0.1327,0.1298,0.1332,#212121,320.9,1511
82,19.54,0.05,-0.55,0.1843,0.1855,0.1885,#2e2f30,275.5,466
83,9.33,-0.47,-0.49,0.0986,0.1034,0.105,#191a1a,226.1,1164
84,6.94,0.84,-1.63,0.0845,0.0826,0.0925,#151517,297.4,2544
85,9.79,1.19,-2.4,0.1065,0.1046,0.1187,#1b1a1e,296.3,4606
86,9.01,4.12,-12.7,0.0811,0.0963,0.1664,#14182a,288.0,104
87,11.7,1.04,-9.45,0.096,0.1217,0.1714,#181f2b,276.3,430
88,15.83,-0.59,-21.66,0.0081,0.1622,0.2748,#022946,268.4,16
89,18.76,-5.31,-16.5,0.035,0.1923,0.2717,#083145,252.2,69
90,20.85,-1.33,-11.44,0.1447,0.202,0.2618,#243342,263.3,270
91,19.33,-3.02,-8.32,0.1333,0.191,0.2304,#21303a,250.0,160
92,20.25,-11.46,-2.79,0.0931,0.2104,0.2062,#173534,193.7,68
93,19.72,-8.96,4.49,0.141,0.2008,0.1606,#233328,153.4,60
94,22.9,-5.24,-1.09,0.1761,0.2237,0.22,#2c3938,191.7,66
95,25.92,-3.55,3.66,0.228,0.2463,0.2186,#3a3e37,134.1,54
96,13.77,-2.37,4.26,0.1342,0.1408,0.1143,#22231d,119.1,69
97,17.21,-2.33,0.22,0.1523,0.1699,0.1645,#262b29,174.6,83
98,13.25,-4.11,-2.57,0.0995,0.1407,0.147,#192325,212.0,75
99,22.06,2.35,-9.02,0.1932,0.205,0.2591,#313442,284.6,119
100,21.89,1.35,-2.59,0.2066,0.2036,0.2205,#343338,297.6,1133
101,27.05,0.1,-0.5,0.2498,0.2505,0.2535,#3f3f40,281.6,243
102,24.34,1.71,1.93,0.2421,0.2231,0.2157,#3d3837,48.4,152
103,34.54,-0.37,-11.19,0.2758,0.3223,0.3875,#465262,268.1,44
104,34.8,2.3,-9.5,0.305,0.3189,0.3798,#4d5160,283.6,99
105,29.05,2.17,-4.7,0.2684,0.2654,0.2968,#44434b,294.7,269
106,37.38,0.83,-2.06,0.3442,0.3437,0.3578,#57575b,291.9,105
107,31.65,-0.44,-3.18,0.2793,0.2936,0.3112,#474a4f,262.0,199
108,37.62,-9.88,-14.3,0.1979,0.3693,0.4359,#325e6f,235.4,47
109,39.69,-19.57,-15.0,0.0145,0.4049,0.4599,#036775,217.5,21
110,42.83,-11.7,-10.71,0.2539,0.4214,0.4641,#406b76,222.5,48
111,28.91,-4.44,-5.46,0.2176,0.2767,0.2995,#37464c,230.9,16
112,26.09,-9.49,-7.3,0.1392,0.2602,0.2843,#234248,217.6,75
113,28.58,-9.19,-19.27,0.0436,0.2857,0.3793,#0b4860,244.5,51
114,34.36,-13.11,-9.38,0.1635,0.3424,0.3734,#29575f,215.6,10
115,28.58,-14.19,-8.29,0.098,0.2901,0.3126,#18494f,210.3,20
116,45.75,-2.42,-1.26,0.4035,0.4299,0.4325,#666d6e,207.5,32
117,47.86,-1.15,-3.87,0.4243,0.4487,0.4705,#6c7277,253.5,89
118,42.97,-5.78,-8.13,0.3244,0.4114,0.4494,#526872,234.6,23
119,40.71,-1.73,-4.28,0.3502,0.3809,0.4032,#596166,248.0,72
120,44.37,-11.49,7.86,0.3526,0.4316,0.359,#596e5b,145.6,12
121,43.33,-4.33,2.19,0.3777,0.4094,0.3867,#606862,153.2,84
122,40.33,-6.63,0.65,0.3276,0.3853,0.3677,#53625d,174.4,95
123,44.35,-9.31,1.97,0.3494,0.4287,0.3973,#596d65,168.1,40
124,37.16,-4.5,-5.62,0.2911,0.3529,0.3774,#4a5960,231.3,17
125,34.7,-4.58,0.39,0.2898,0.3286,0.317,#495350,175.1,178
126,37.07,-8.42,4.47,0.2967,0.3568,0.313,#4b5a4f,152.1,19
127,36.59,-8.16,-0.17,0.2785,0.3528,0.3376,#475956,181.2,82
128,50.06,69.61,7.94,0.8713,0.1731,0.4266,#de2c6c,6.5,32
129,61.64,62.57,11.24,0.9814,0.3673,0.5175,#fa5d83,10.2,69
130,53.61,56.24,20.45,0.8626,0.309,0.3767,#db4e60,20.0,9
131,59.57,53.49,21.45,0.9219,0.3873,0.4266,#eb626c,21.8,30
132,40.22,37.43,1.95,0.5895,0.265,0.3645,#96435c,3.0,9
133,42.45,61.4,13.21,0.7457,0.1388,0.32,#be2351,12.1,25
134,38.6,53.45,7.89,0.6574,0.1592,0.3156,#a72850,8.4,15
135,46.61,54.73,-4.07,0.739,0.2501,0.4668,#bc3f77,355.7,5
136,48.47,55.84,-18.4,0.7383,0.2728,0.5781,#bc4593,341.8,51
137,52.54,51.09,-6.6,0.7835,0.3342,0.542,#c7558a,352.6,5
138,52.8,31.99,0.48,0.6953,0.4092,0.4953,#b1687e,0.9,2
139,34.14,47.0,-21.38,0.5267,0.1694,0.4512,#862b73,335.5,85
140,25.38,42.79,-14.61,0.4284,0.0935,0.3258,#6d1753,341.1,43
141,47.51,11.75,-19.08,0.4576,0.4215,0.5678,#746b90,301.6,13
142,39.41,10.1,-19.8,0.3632,0.3483,0.4901,#5c587c,297.0,14
143,37.64,13.67,-13.32,0.3951,0.3208,0.432,#64516e,315.7,35
144,52.29,34.08,-30.07,0.6181,0.41,0.6929,#9d68b0,318.6,3
145,38.68,32.04,-15.78,0.5078,0.2775,0.4596,#814675,333.8,15
146,41.01,52.17,-30.87,0.6035,0.2211,0.5811,#993894,329.4,74
147,48.33,51.54,23.28,0.7786,0.2757,0.3077,#c6464e,24.3,59
148,48.22,68.08,39.31,0.8679,0.1433,0.2065,#dd2434,30.0,450
149,39.29,56.55,24.96,0.6955,0.1343,0.2177,#b12237,23.8,122
150,33.6,55.33,31.04,0.6255,0.0503,0.1312,#9f0c21,29.3,227
151,35.11,42.72,18.66,0.5786,0.1838,0.2164,#932e37,23.6,39
152,36.79,54.32,38.0,0.6628,0.1159,0.1104,#a91d1c,35.0,90
153,43.59,63.35,36.56,0.7863,0.1233,0.1826,#c81f2e,30.0,257
154,39.31,59.56,36.46,0.7161,0.0972,0.145,#b61824,31.5,269
155,39.14,28.19,31.76,0.5664,0.2816,0.1623,#904729,48.4,68
156,38.36,16.26,20.21,0.4874,0.3122,0.2289,#7c4f3a,51.2,126
157,40.99,19.21,35.12,0.5454,0.3264,0.1512,#8b5326,61.3,49
158,34.02,10.16,19.12,0.4097,0.2878,0.1965,#684932,62.0,32
159,35.15,22.62,37.66,0.4994,0.2618,0.0797,#7f4214,59.0,14
160,34.21,17.2,25.27,0.454,0.2705,0.1601,#734428,55.8,34
161,50.69,25.13,42.17,0.6902,0.401,0.1887,#b06630,59.2,16
162,44.59,32.22,45.85,0.6572,0.3178,0.1036,#a7511a,54.9,37
163,44.76,21.56,30.94,0.5952,0.3559,0.2156,#975a36,55.1,47
164,49.73,17.02,25.34,0.6194,0.4176,0.2982,#9d6a4c,56.1,57
165,48.13,23.6,14.54,0.6226,0.3856,0.3564,#9e625a,31.6,10
166,48.81,33.99,31.63,0.705,0.3548,0.2513,#b35a40,42.9,16
167,14.58,14.7,17.53,0.2392,0.1086,0.0415,#3d1b0a,50.0,7
168,22.52,13.64,13.29,0.3064,0.1785,0.136,#4e2d22,44.3,65
169,25.62,11.37,16.81,0.3297,0.2104,0.14,#543523,55.9,59
170,26.68,7.55,14.81,0.3185,0.2289,0.1602,#513a28,63.0,105
171,8.05,7.36,-0.43,0.1285,0.0789,0.0956,#201418,356.6,20
172,12.29,3.07,1.66,0.1462,0.12,0.1172,#251e1d,28.5,237
173,18.78,6.77,11.01,0.2358,0.1637,0.1178,#3c291e,58.4,13
174,11.72,6.52,6.52,0.1663,0.1077,0.0874,#2a1b16,45.0,43
175,20.55,7.59,5.58,0.2478,0.1777,0.1633,#3f2d29,36.3,155
176,18.36,3.47,2.45,0.201,0.1685,0.1622,#332a29,35.2,84
177,11.21,10.85,2.65,0.176,0.0946,0.1045,#2c181a,13.7,51
178,14.94,15.2,4.32,0.2311,0.1127,0.1256,#3a1c20,15.9,299
179,21.76,14.99,4.75,0.2943,0.1702,0.1791,#4b2b2d,17.6,70
180,27.77,11.75,2.18,0.3301,0.2313,0.2454,#543a3e,10.5,13
181,26.75,9.56,6.83,0.3174,0.2263,0.2087,#503935,35.5,102
182,20.33,25.26,-8.57,0.3065,0.1302,0.2433,#4e213e,341.3,3
183,16.01,18.01,-1.37,0.2451,0.1148,0.1655,#3e1d2a,355.7,49
184,14.62,21.57,9.07,0.2607,0.0883,0.0986,#421619,22.8,57
185,19.93,23.52,14.5,0.3263,0.1259,0.1104,#53201c,31.7,65
186,25.61,22.7,9.11,0.3744,0.1799,0.1878,#5f2d2f,21.9,93
187,19.42,19.61,5.19,0.2942,0.1368,0.1579,#4b2228,14.8,239
188,30.46,30.06,27.37,0.4758,0.1942,0.1187,#79311e,42.3,26
189,27.81,50.45,33.08,0.5367,0.0069,0.0686,#880111,33.2,105
190,27.57,34.02,4.72,0.4415,0.1558,0.2322,#70273b,7.9,30
191,21.72,28.93,7.12,0.3608,0.1223,0.1676,#5c1f2a,13.8,94
192,28.42,43.24,19.26,0.5059,0.107,0.1565,#801b27,24.0,191
193,23.44,34.23,13.67,0.4081,0.1114,0.1458,#681c25,21.8,68
194,26.0,26.82,17.98,0.4063,0.1672,0.1397,#672a23,33.8,112
195,31.39,27.01,14.15,0.4602,0.2165,0.2081,#753735,27.6,58
196,36.0,26.58,16.0,0.5093,0.2604,0.2369,#81423c,31.0,29
197,34.53,28.2,9.65,0.4937,0.2427,0.2632,#7d3d43,18.9,19
198,30.73,18.57,5.3,0.4001,0.239,0.2541,#663c40,15.9,26
199,33.69,15.29,1.91,0.4059,0.2757,0.3008,#67464c,7.1,8
200,38.2,7.31,-7.19,0.379,0.339,0.3983,#605665,315.5,12
201,39.5,2.64,-5.69,0.365,0.3609,0.401,#5d5c66,294.9,101
202,43.42,3.55,0.89,0.4286,0.3945,0.3969,#6d6465,14.1,33
203,44.24,0.83,-1.12,0.4124,0.4087,0.4174,#69686a,306.8,349
204,48.88,2.45,-4.96,0.4566,0.4514,0.4881,#74737c,296.2,40
205,51.34,3.59,-10.98,0.4675,0.4751,0.5528,#77798c,288.1,105
206,45.56,5.27,-9.97,0.4266,0.4144,0.488,#6c697c,297.8,28
207,43.38,5.58,-16.28,0.3829,0.3948,0.507,#616481,288.9,51
208,40.75,5.58,-21.8,0.3313,0.3717,0.516,#545e83,284.4,69
209,39.41,1.66,-13.41,0.3272,0.3644,0.4488,#535c72,277.0,122
210,44.82,2.32,-15.59,0.3745,0.4154,0.5168,#5f6983,278.5,39
211,39.01,10.94,-0.06,0.4291,0.3362,0.3619,#6d555c,359.7,29
212,32.42,12.34,8.3,0.3893,0.2699,0.25,#63443f,33.9,33
213,32.36,3.69,1.96,0.3268,0.2905,0.2869,#534a49,28.0,107
214,36.9,5.86,9.0,0.3984,0.326,0.285,#655348,56.9,39
215,48.88,2.77,3.23,0.4835,0.4485,0.4344,#7b726e,49.4,44
216,50.59,0.4,-0.2,0.4743,0.4714,0.4735,#787878,333.7,440
217,51.15,6.42,11.4,0.5495,0.4608,0.403,#8c7566,60.6,33
218,54.15,6.46,4.97,0.5657,0.492,0.4752,#907d79,37.6,20
219,51.91,15.93,8.27,0.6085,0.4455,0.4326,#9b716e,27.4,31
220,48.04,10.91,0.23,0.5197,0.4224,0.4469,#846b71,1.2,32
221,47.62,14.43,8.92,0.5561,0.4073,0.3868,#8d6762,31.7,29
222,44.5,7.74,16.6,0.499,0.392,0.3062,#7f634e,65.0,74
223,43.0,3.11,6.06,0.4349,0.3902,0.3597,#6e635b,62.9,20
224,45.23,6.47,7.58,0.4814,0.4038,0.3714,#7a665e,49.5,48
225,59.44,23.86,57.27,0.797,0.49,0.1401,#cb7c23,67.4,4
226,57.95,37.29,55.64,0.8482,0.4309,0.1501,#d86d26,56.2,25
227,70.72,29.34,42.1,0.949,0.5909,0.3823,#f19661,55.1,17
228,66.49,35.65,57.31,0.9457,0.524,0.2212,#f18538,58.1,94
229,58.88,54.18,59.27,0.9467,0.3686,0.1373,#f15d23,47.6,29
230,64.45,41.99,47.4,0.9469,0.4814,0.2857,#f17a48,48.5,86
231,63.52,32.23,41.51,0.8782,0.5072,0.3176,#df8150,52.2,7
232,63.2,49.24,63.51,0.979,0.4368,0.1352,#f96f22,52.2,37
233,56.88,49.83,38.31,0.8869,0.3715,0.2843,#e25e48,37.6,56
234,60.31,57.46,44.43,0.9726,0.37,0.2752,#f85e46,37.7,81
235,54.8,55.81,30.36,0.8846,0.3215,0.3218,#e15152,28.5,109
236,53.94,68.85,40.39,0.945,0.2207,0.2503,#f0383f,30.4,167
237,54.56,65.92,45.12,0.9417,0.2513,0.2211,#f04038,34.4,62
238,52.79,35.05,41.37,0.7651,0.389,0.2185,#c36337,49.7,31
239,53.13,50.48,53.8,0.8534,0.3262,0.1282,#d95320,46.8,58
240,44.71,47.64,47.89,0.7331,0.2526,0.0975,#ba4018,45.2,23
241,48.77,60.81,52.06,0.847,0.2157,0.1098,#d7371b,40.6,55
242,47.99,56.74,43.64,0.8142,0.2365,0.1681,#cf3c2a,37.6,81
243,79.51,5.67,-15.68,0.7581,0.764,0.8865,#c1c2e2,289.9,17
244,74.98,5.3,-18.72,0.693,0.7173,0.858,#b0b6da,285.8,42
245,79.42,9.8,-12.65,0.8019,0.7519,0.8641,#ccbfdc,307.8,71
246,73.33,13.01,-19.34,0.7343,0.681,0.845,#bbadd7,303.9,40
247,68.16,9.28,-12.78,0.6761,0.6336,0.7419,#aca1bd,306.0,86
248,85.92,6.12,-6.59,0.8671,0.8298,0.8916,#ddd3e3,312.9,41
249,86.06,7.96,-0.8,0.9023,0.8249,0.851,#e6d2d8,354.2,75
250,82.56,22.07,-5.98,0.9486,0.7508,0.852,#f1bfd9,344.8,27
251,83.86,15.06,-3.21,0.9221,0.7832,0.8452,#ebc7d7,348.0,59
252,85.39,0.19,0.26,0.8389,0.8361,0.8346,#d5d5d4,54.5,790
253,91.84,0.5,-0.36,0.9108,0.907,0.9108,#e8e7e8,323.9,3245
254,90.72,1.4,-2.24,0.8988,0.893,0.9124,#e5e3e8,302.0,1279
255,90.46,0.51,3.95,0.91,0.8903,0.8633,#e8e3dc,82.7,1198
256,86.36,3.01,2.12,0.8777,0.8395,0.8321,#dfd6d4,35.1,207
257,83.06,1.43,-3.7,0.8092,0.8088,0.8381,#ceced5,291.1,723
258,83.61,0.65,-5.96,0.8007,0.8174,0.8606,#ccd0db,276.2,603
259,78.28,1.78,-1.32,0.7684,0.7554,0.7688,#c3c0c4,323.5,564
260,79.46,-0.2,0.74,0.7729,0.7722,0.7665,#c5c4c3,104.8,1272
261,73.9,0.17,1.24,0.7176,0.7115,0.7033,#b6b5b3,82.1,665
262,72.27,3.18,-4.28,0.7043,0.6888,0.7255,#b3afb9,306.6,106
263,75.16,4.92,-9.92,0.7281,0.7171,0.797,#b9b6cb,296.4,84
264,77.98,0.79,-5.54,0.7424,0.7558,0.7959,#bdc0ca,278.1,442
265,71.51,-0.62,-6.93,0.657,0.6902,0.7357,#a7b0bb,264.9,171
266,64.04,37.54,1.65,0.8556,0.5043,0.6024,#da8099,2.5,34
267,68.63,50.39,-2.09,0.976,0.5059,0.6782,#f880ac,357.6,67
268,64.81,63.43,-13.45,0.9815,0.4101,0.7178,#fa68b7,348.0,8
269,59.3,52.72,0.35,0.8837,0.3954,0.565,#e16490,0.4,55
270,63.39,54.6,-2.31,0.9375,0.4318,0.6254,#ef6e9f,357.6,55
271,65.73,31.02,-14.0,0.7964,0.549,0.727,#cb8bb9,335.7,3
272,75.98,39.79,-6.34,0.989,0.6253,0.7851,#fc9fc8,351.0,28
273,74.68,28.54,-13.81,0.8803,0.6502,0.8224,#e0a5d1,334.2,53
274,74.84,20.84,0.96,0.8725,0.6693,0.7182,#deaab7,2.6,28
275,78.3,32.19,0.27,0.9839,0.6727,0.762,#faabc2,0.5,27
276,70.41,18.26,-0.75,0.8016,0.6302,0.6829,#cca0ae,357.6,63
277,68.55,25.92,0.22,0.833,0.5888,0.6576,#d496a7,0.5,36
278,60.95,34.35,29.06,0.8457,0.4761,0.383,#d77961,40.2,20
279,66.63,23.51,21.09,0.8388,0.5702,0.492,#d5917d,41.9,43
280,69.2,41.6,25.12,0.9787,0.5371,0.4933,#f9887d,31.1,50
281,66.97,42.14,32.91,0.9645,0.5098,0.4163,#f5826a,38.0,42
282,73.76,30.17,25.4,0.9679,0.6236,0.5347,#f69f88,40.1,102
283,68.63,30.13,31.65,0.916,0.5686,0.4385,#e9906f,46.4,54
284,66.84,35.21,15.77,0.9005,0.5371,0.5335,#e58888,24.1,8
285,65.18,49.89,23.83,0.9739,0.4625,0.4643,#f87576,25.5,74
286,65.18,23.68,14.46,0.8116,0.5563,0.5236,#ce8d85,31.4,20
287,64.29,17.5,8.43,0.7518,0.566,0.5552,#bf908d,25.7,21
288,55.71,29.61,18.99,0.7461,0.4409,0.4003,#be7066,32.7,26
289,58.9,27.09,12.03,0.7567,0.4826,0.478,#c07b79,24.0,29
290,69.71,10.25,-1.47,0.7373,0.6438,0.6793,#bca4ad,351.8,9
291,77.22,9.09,-1.36,0.811,0.7264,0.7587,#ceb9c1,351.5,68
292,68.4,11.26,8.63,0.7572,0.6248,0.595,#c19f97,37.5,23
293,74.52,11.16,7.18,0.82,0.6899,0.6691,#d1afaa,32.8,35
294,74.69,6.02,1.65,0.7705,0.706,0.7095,#c4b4b4,15.4,21
295,69.37,4.04,2.59,0.7019,0.6542,0.6464,#b2a6a4,32.7,44
296,72.14,5.34,8.44,0.7573,0.6787,0.6343,#c1ada1,57.7,59
297,76.49,3.03,6.49,0.7827,0.731,0.6936,#c7bab0,65.0,128
298,86.27,8.52,9.3,0.9385,0.8229,0.7791,#efd1c6,47.5,62
299,85.84,13.13,14.97,0.9801,0.8047,0.7335,#f9cdbb,48.7,32
300,71.95,25.0,16.94,0.9014,0.6223,0.5755,#e59e92,34.1,22
301,77.62,26.73,13.24,0.9704,0.6783,0.6611,#f7aca8,26.3,33
302,80.99,16.12,10.89,0.9353,0.7452,0.7119,#eebeb5,34.0,40
303,77.78,20.06,19.53,0.9428,0.6977,0.6163,#f0b19d,44.2,63
304,61.38,-6.83,5.88,0.549,0.5941,0.5397,#8c9789,139.3,35
305,68.44,-0.98,1.86,0.6531,0.656,0.6411,#a6a7a3,117.7,67
306,66.27,-3.47,5.5,0.6233,0.6378,0.5927,#9ea297,122.2,71
307,72.07,-4.13,0.04,0.6609,0.7019,0.6918,#a8b2b0,179.5,33
308,71.24,-4.58,3.99,0.6622,0.693,0.6551,#a8b0a7,139.0,45
309,65.82,-13.01,22.72,0.5959,0.6492,0.4655,#97a576,119.8,15
310,62.73,-8.95,16.85,0.5786,0.6099,0.4769,#939b79,118.0,49
311,72.25,-8.81,16.7,0.679,0.7097,0.5743,#adb492,117.8,148
312,69.03,-4.88,13.71,0.6656,0.6679,0.5632,#a9aa8f,109.6,42
313,71.98,-5.59,9.06,0.6783,0.7018,0.6267,#acb29f,121.7,61
314,78.02,-7.46,18.38,0.7555,0.7684,0.6222,#c0c39e,112.1,22
315,76.4,-13.76,17.17,0.6865,0.7645,0.6131,#afc29c,128.7,39
316,63.75,-38.6,40.69,0.4087,0.6692,0.3061,#68aa4e,133.5,30
317,68.27,-36.34,42.3,0.4815,0.7139,0.3385,#7ab656,130.7,23
318,70.01,-53.53,17.75,0.0923,0.7625,0.5375,#17c289,161.7,38
319,72.26,-61.14,37.62,0.1641,0.7947,0.4102,#29ca68,148.4,11
320,58.05,-41.45,10.07,0.141,0.6174,0.4731,#239d78,166.3,31
321,61.65,-49.46,20.94,0.1175,0.665,0.4313,#1da96d,157.1,18
322,53.71,-47.36,29.7,0.1317,0.5765,0.2917,#21934a,147.9,1
323,68.36,-0.52,10.23,0.6804,0.6521,0.5816,#ada694,92.9,199
324,72.52,-0.45,5.78,0.7124,0.697,0.6563,#b5b1a7,94.5,238
325,71.7,-6.41,28.13,0.7177,0.6966,0.4866,#b7b17c,102.8,23
326,73.25,-0.12,12.1,0.7406,0.7024,0.619,#bcb39d,90.6,158
327,76.03,3.16,21.76,0.8172,0.7222,0.5788,#d0b893,81.7,132
328,78.89,1.19,15.26,0.8197,0.759,0.6555,#d1c1a7,85.5,164
329,84.6,-7.93,12.24,0.8059,0.8428,0.7369,#cdd6bb,122.9,60
330,83.32,-4.87,13.9,0.8203,0.8215,0.7114,#d1d1b5,109.3,87
331,88.58,-3.0,3.84,0.8612,0.8777,0.8429,#dbdfd6,128.0,65
332,77.83,-4.33,6.5,0.7424,0.7624,0.7069,#bdc2b4,123.7,202
333,81.89,-4.05,5.93,0.7866,0.806,0.7546,#c8cdc0,124.4,169
334,80.84,-0.9,9.35,0.8097,0.7865,0.7188,#cec8b7,95.5,52
335,79.19,0.92,4.67,0.7912,0.7656,0.7354,#c9c3bb,78.8,418
336,82.8,2.23,6.55,0.8462,0.8012,0.7608,#d7ccc1,71.2,185
337,85.77,0.18,4.51,0.8573,0.8391,0.8076,#dad5cd,87.7,449
338,90.64,-1.41,10.25,0.9172,0.8953,0.8182,#e9e4d0,97.8,175
339,86.47,-0.0,19.54,0.9065,0.8435,0.7043,#e7d7b3,90.0,26
340,87.59,1.22,10.8,0.9044,0.8551,0.7813,#e6dac7,83.6,558
341,80.92,-18.38,33.72,0.7433,0.82,0.5365,#bdd188,118.6,34
342,74.07,-23.1,28.94,0.6205,0.7553,0.5014,#9ec07f,128.6,12
343,73.9,-14.03,32.3,0.6962,0.7352,0.4764,#b1bb79,113.5,23
344,85.8,-33.15,74.42,0.7583,0.8972,0.2181,#c1e437,114.0,7
345,79.93,-21.31,67.35,0.7692,0.8105,0.2368,#c4ce3c,107.6,25
346,80.12,-33.22,57.57,0.6676,0.8359,0.3307,#aad554,120.0,10
347,89.22,-25.52,52.31,0.8203,0.9233,0.4737,#d1eb78,116.0,45
348,91.26,-6.61,22.94,0.9203,0.9111,0.7289,#eae8b9,106.1,33
349,85.21,-9.16,28.31,0.847,0.8486,0.6237,#d7d89f,107.9,57
350,92.81,-16.63,32.54,0.8858,0.9487,0.6706,#e1f1ab,117.1,39
351,91.44,-10.22,11.16,0.8594,0.924,0.8188,#dbebd0,132.5,49
352,89.87,-14.68,21.12,0.8371,0.9138,0.7263,#d5e9b9,124.8,106
353,88.25,-17.56,15.85,0.7792,0.903,0.748,#c6e6be,137.9,134
354,84.41,-55.0,62.52,0.5271,0.9197,0.323,#86ea52,131.3,6
355,80.68,-38.06,37.67,0.5858,0.8532,0.4998,#95d97f,135.3,5
356,80.2,-45.99,24.13,0.4425,0.8633,0.5965,#70dc98,152.3,7
357,87.66,-42.44,13.37,0.5123,0.9439,0.7566,#82f0c0,162.5,1
358,78.94,14.02,64.84,0.9822,0.7188,0.2699,#fab744,77.8,89
359,72.49,24.35,65.08,0.9632,0.6215,0.2031,#f59e33,69.5,50
360,73.09,19.84,49.03,0.9304,0.6429,0.3491,#eda359,68.0,12
361,71.3,12.33,37.84,0.851,0.6462,0.4151,#d8a469,71.9,83
362,64.0,12.94,41.26,0.7753,0.5685,0.3179,#c59051,72.6,16
363,66.93,20.16,36.67,0.8454,0.5799,0.3828,#d79361,61.2,67
364,71.49,3.2,25.07,0.7741,0.6733,0.5085,#c5ab81,82.7,161
365,69.16,6.25,18.48,0.755,0.6428,0.5326,#c0a387,71.3,274
366,73.53,4.78,16.35,0.7883,0.6929,0.5923,#c9b097,73.7,347
367,80.51,6.34,12.89,0.8679,0.7647,0.6906,#ddc2b0,63.8,46
368,76.32,7.37,18.74,0.842,0.7157,0.6044,#d6b69a,68.5,135
369,80.57,15.95,31.0,0.9702,0.7363,0.5605,#f7bb8e,62.8,34
370,79.05,5.78,25.51,0.8765,0.7475,0.5832,#dfbe94,77.2,72
371,82.3,-12.54,66.71,0.8562,0.8184,0.275,#dad046,100.6,7
372,86.99,-8.84,70.4,0.9405,0.8612,0.2916,#efdb4a,97.2,27
373,78.35,0.05,32.51,0.844,0.7523,0.523,#d7bf85,89.9,54
374,83.91,-0.53,39.9,0.9169,0.8126,0.524,#e9cf85,90.8,71
375,80.6,-2.17,66.78,0.9044,0.7769,0.2605,#e6c642,91.9,12
376,80.57,4.8,66.4,0.9473,0.7599,0.2676,#f1c144,85.9,26
377,71.26,-10.06,63.12,0.7414,0.695,0.189,#bdb130,99.1,14
378,57.61,-14.86,58.47,0.5535,0.5633,0.0676,#8d8f11,104.3,1
379,70.33,0.45,43.87,0.7749,0.6643,0.3562,#c5a95a,89.4,16
380,62.82,0.01,64.49,0.708,0.5852,0.0609,#b4950f,90.0,15
381,71.3,2.15,73.43,0.8262,0.6673,0.0247,#d2aa06,88.3,10
382,61.64,9.34,57.38,0.743,0.5517,0.1536,#bd8c27,80.8,29
383,55.18,4.21,58.16,0.6405,0.4991,0.0542,#a37f0d,85.9,15
384,60.72,-1.6,47.24,0.6589,0.569,0.2335,#a8913b,91.9,57
385,53.16,4.83,21.43,0.58,0.4823,0.3545,#937a5a,77.3,79
386,48.58,4.37,17.77,0.5231,0.4389,0.3358,#856f55,76.2,58
387,48.06,11.34,43.68,0.5893,0.4136,0.1453,#966925,75.4,10
388,47.14,-0.38,37.97,0.509,0.4322,0.1787,#816e2d,90.6,8
389,56.58,1.51,18.68,0.59,0.5245,0.4055,#968567,85.4,95
390,64.52,1.14,20.32,0.6751,0.6062,0.4721,#ac9a78,86.8,106
391,62.88,3.69,19.41,0.6723,0.5836,0.4626,#ab9475,79.2,135
392,58.63,18.05,30.38,0.7303,0.5021,0.3473,#ba8058,59.3,41
393,54.04,19.45,22.39,0.6761,0.4539,0.3593,#ac735b,49.0,13
394,55.21,12.71,23.71,0.6524,0.4832,0.3599,#a67b5b,61.8,24
395,57.29,6.7,20.37,0.6333,0.5195,0.4017,#a18466,71.8,61
396,57.76,3.17,12.29,0.5993,0.534,0.461,#988875,75.5,94
397,58.93,7.96,10.33,0.6381,0.5352,0.4867,#a2887c,52.4,34
398,64.13,8.28,19.16,0.7146,0.5855,0.4776,#b69579,66.6,36
399,54.59,-7.92,11.73,0.4897,0.5256,0.432,#7c866e,124.0,12
400,51.28,-5.27,5.67,0.4586,0.4884,0.4406,#747c70,132.9,19
401,57.7,-2.26,6.68,0.5474,0.5466,0.4978,#8b8b7e,108.7,53
402,62.15,0.1,10.18,0.6193,0.5862,0.5188,#9d9584,89.4,176
403,54.16,0.56,5.28,0.5273,0.5052,0.4725,#868078,83.9,130
404,51.58,1.68,11.28,0.5237,0.4757,0.4072,#857967,81.5,78
405,52.03,-1.37,9.97,0.505,0.487,0.4199,#807c6b,97.8,81
406,58.54,2.44,4.17,0.5818,0.5456,0.524,#948b85,59.6,28
407,59.92,6.07,1.93,0.6146,0.5518,0.5536,#9c8c8d,17.6,28
408,65.18,4.67,5.69,0.6707,0.6081,0.5814,#ab9b94,50.6,86
409,67.05,2.01,6.73,0.6748,0.6335,0.5931,#aca197,73.3,119
410,64.2,2.44,-0.39,0.6267,0.6048,0.6131,#9f9a9c,351.0,65
411,64.25,1.05,-3.91,0.6053,0.6094,0.6378,#9a9ba2,285.0,449
412,68.12,0.88,1.29,0.6617,0.6487,0.642,#a8a5a3,55.8,149
413,66.96,-0.69,-2.22,0.6261,0.6411,0.6542,#9fa3a6,252.7,381
414,54.92,-0.72,-1.95,0.5037,0.5174,0.5283,#808386,249.7,168
415,57.31,0.83,-2.26,0.5382,0.5383,0.5548,#89898d,290.2,299
416,59.38,-3.95,-0.73,0.5286,0.5692,0.565,#869190,190.5,52
417,60.1,-0.97,-3.24,0.5498,0.5709,0.5899,#8c9196,253.4,416
418,61.98,0.26,0.52,0.5907,0.5865,0.5836,#969594,63.8,253
419,72.46,-36.97,-15.34,0.0412,0.7722,0.802,#0ac4cc,202.5,84
420,78.42,-27.87,-14.86,0.4004,0.8221,0.8649,#66d1dc,208.1,20
421,77.52,-36.22,-14.26,0.2334,0.8264,0.8498,#3bd2d8,201.5,65
422,72.34,-33.88,-7.09,0.3032,0.7635,0.7421,#4dc2bd,191.8,92
423,78.69,-49.99,2.07,0.1102,0.8573,0.7426,#1cdabd,177.6,4
424,82.74,-24.84,0.32,0.5883,0.8599,0.8021,#96dbcc,179.3,13
425,76.91,-27.16,-2.68,0.4833,0.8007,0.7604,#7bccc1,185.6,37
426,62.32,-17.16,8.53,0.4847,0.6233,0.5295,#7b9e87,153.6,10
427,72.99,-21.28,5.13,0.5434,0.7451,0.6631,#8abea9,166.4,4
428,71.4,-13.34,3.5,0.5913,0.713,0.659,#96b5a8,165.3,38
429,63.26,-31.21,-14.91,0.1029,0.6634,0.7004,#1aa9b2,205.5,22
430,68.28,-34.59,-12.29,0.151,0.722,0.7353,#26b8bb,199.6,119
431,63.52,-19.05,-1.66,0.4357,0.6418,0.6123,#6fa39c,185.0,67
432,59.88,-31.23,-9.35,0.1552,0.6261,0.6263,#279f9f,196.7,81
433,91.21,-3.02,-2.97,0.8656,0.909,0.9226,#dce7eb,224.5,49
434,87.02,-7.09,-1.7,0.7904,0.8713,0.866,#c9dedc,193.4,33
435,89.56,-6.49,-5.72,0.8071,0.8994,0.9242,#cde5eb,221.4,137
436,84.8,-10.95,-13.79,0.6767,0.8588,0.9299,#acdaed,231.6,24
437,83.87,-6.84,-5.05,0.7449,0.8369,0.8559,#bdd5da,216.4,169
438,85.68,-1.89,-10.83,0.7825,0.8475,0.919,#c7d8ea,260.1,81
439,79.25,-1.44,-7.26,0.7316,0.7751,0.8219,#bac5d1,258.8,57
440,81.99,-1.87,-2.63,0.7752,0.8045,0.8182,#c5cdd0,234.5,132
441,82.78,-11.13,2.0,0.7246,0.8323,0.7919,#b8d4c9,169.8,21
442,76.13,-7.59,1.13,0.6799,0.7525,0.7269,#adbfb9,171.5,22
443,74.85,-6.87,-7.19,0.6392,0.7396,0.7728,#a3bcc5,226.3,51
444,76.22,-10.53,-11.51,0.6005,0.7634,0.8183,#99c2d0,227.6,143
445,73.55,-14.49,-11.26,0.5348,0.7425,0.7868,#88bdc8,217.8,129
446,69.55,-11.86,-3.01,0.5585,0.6921,0.6857,#8eb0ae,194.2,28
447,77.49,-14.96,-4.96,0.6042,0.7842,0.7844,#9ac7c8,198.3,32
448,72.82,3.56,-28.09,0.6077,0.7018,0.9009,#9ab2e5,277.2,47
449,75.6,-0.33,-12.76,0.6788,0.735,0.8216,#adbbd1,268.5,98
450,80.1,0.99,-12.06,0.741,0.7802,0.8663,#bcc6dc,274.7,89
451,77.36,-0.63,-22.86,0.6463,0.758,0.9136,#a4c1e8,268.4,41
452,81.42,-3.15,-16.28,0.7005,0.8054,0.9111,#b2cde8,259.1,72
453,79.14,-8.34,-27.32,0.5603,0.7959,0.9653,#8ecaf6,253.0,50
454,75.62,-21.29,-24.61,0.3731,0.7823,0.9048,#5fc7e6,229.1,35
455,79.48,-14.18,-18.94,0.5556,0.8087,0.9077,#8dcee7,233.2,48
456,71.87,-3.32,-13.49,0.6104,0.702,0.7857,#9bb3c8,256.2,100
457,65.77,-3.9,-12.2,0.5479,0.6386,0.7109,#8ba2b5,252.3,133
458,68.69,-6.26,-22.37,0.5019,0.6776,0.8136,#7faccf,254.4,58
459,63.65,-5.48,-26.31,0.4303,0.6245,0.7862,#6d9fc8,258.2,118
460,69.81,-7.47,-39.07,0.3601,0.6983,0.9446,#5bb2f0,259.2,93
461,72.8,-7.16,-32.32,0.4654,0.7268,0.93,#76b9ed,257.5,140
462,68.37,6.65,-18.07,0.6367,0.644,0.7811,#a2a4c7,290.2,21
463,63.79,10.61,-16.55,0.6257,0.5863,0.7214,#9f95b7,302.7,73
464,60.0,1.51,-15.82,0.518,0.5684,0.6751,#8490ac,275.5,39
465,60.19,1.25,-7.55,0.5519,0.5683,0.6205,#8c909e,279.4,88
466,69.55,1.12,-14.02,0.6214,0.6678,0.7648,#9eaac3,274.6,79
467,66.27,3.85,-11.66,0.6189,0.6264,0.7132,#9d9fb5,288.3,101
468,57.6,10.88,-2.09,0.6116,0.5179,0.5579,#9b848e,349.1,3
469,61.03,9.06,-10.41,0.6082,0.5597,0.6497,#9b8ea5,311.0,55
470,53.14,15.68,-25.7,0.5155,0.4696,0.6709,#8377ab,301.4,13
471,54.35,8.06,-13.98,0.5194,0.4958,0.6041,#847e9a,300.0,90
472,56.7,-0.92,-12.22,0.4805,0.5388,0.6157,#7a899d,265.7,39
473,52.9,-2.84,-18.42,0.3953,0.5065,0.6177,#64819d,261.2,43
474,58.57,-5.82,-6.09,0.4851,0.5662,0.593,#7b9097,226.3,33
475,52.35,-4.48,-4.64,0.4399,0.5001,0.5199,#707f84,226.0,25
476,55.73,-0.52,-6.26,0.498,0.5263,0.5655,#7e8690,265.3,106
477,66.04,3.86,-25.62,0.552,0.6289,0.8083,#8ca0ce,278.6,23
478,61.01,-2.08,-21.34,0.4687,0.5883,0.7234,#7796b8,264.4,33
479,64.35,4.32,-36.51,0.4704,0.6148,0.8662,#779cdc,276.8,16
480,55.17,17.39,-46.43,0.4315,0.4952,0.8342,#6e7ed4,290.5,15
481,56.38,9.1,-24.64,0.5019,0.5175,0.6975,#7f83b1,290.3,20
482,57.36,3.69,-25.9,0.4586,0.5403,0.7161,#7489b6,278.1,39
483,46.57,27.47,-54.55,0.3728,0.3889,0.7951,#5f63ca,296.7,9
484,49.18,18.34,-35.7,0.4461,0.4284,0.696,#716db1,297.2,8
485,49.66,1.74,-18.32,0.4041,0.4648,0.5839,#677694,275.4,99
486,48.86,8.48,-34.74,0.3601,0.4488,0.6854,#5b72ae,283.7,50
487,57.15,-2.77,-47.85,0.096,0.5613,0.8647,#188fdc,266.7,98
488,61.66,-7.03,-42.02,0.2107,0.6134,0.874,#359cde,260.5,81
489,53.21,-2.18,-40.48,0.2105,0.517,0.7703,#3583c4,266.9,168
490,57.92,0.94,-36.94,0.3572,0.5565,0.7979,#5b8dcb,271.5,79
491,57.42,-7.14,-25.73,0.3488,0.5634,0.7147,#588fb6,254.5,117
492,57.38,-4.44,-17.61,0.4301,0.5548,0.659,#6d8da8,255.8,45
493,39.78,-9.67,-26.84,0.0661,0.3938,0.5374,#106489,250.2,18
494,45.69,1.22,-43.07,0.1122,0.4373,0.7065,#1c6fb4,271.6,59
495,46.23,-6.57,-26.78,0.2226,0.4508,0.6037,#387299,256.2,39
496,47.79,12.81,-54.25,0.1929,0.4384,0.8056,#316fcd,283.3,251
497,45.43,-4.19,-14.23,0.332,0.4341,0.5135,#546e82,253.6,10
498,42.88,16.37,-53.44,0.1975,0.3827,0.7464,#3261be,287.0,207
499,41.64,2.77,-42.32,0.0931,0.3951,0.6584,#1764a7,273.7,106
500,41.84,-0.32,-24.6,0.2704,0.3954,0.5447,#44648a,269.3,35
501,61.36,-16.53,-10.26,0.392,0.6169,0.6495,#639da5,211.8,26
502,58.63,-11.69,-2.98,0.449,0.5775,0.5718,#729391,194.3,95
503,66.84,-6.94,-6.37,0.5587,0.6543,0.6811,#8ea6ad,222.6,86
504,67.2,-13.52,-10.96,0.4797,0.6728,0.7165,#7aabb6,219.0,77
505,53.92,-19.63,-24.48,0.0821,0.55,0.6679,#148caa,231.3,25
506,56.5,-12.77,-17.87,0.3324,0.5621,0.6508,#548fa5,234.4,46
507,61.0,-18.04,-32.1,0.0871,0.6231,0.7966,#169ecb,240.7,7
508,66.89,-21.42,-22.65,0.2822,0.6879,0.7945,#47afca,226.6,29
509,52.01,-26.72,-9.01,0.15,0.5372,0.5435,#26888a,198.6,33
510,56.09,-27.46,-11.74,0.1532,0.5811,0.6036,#279499,203.1,74
511,52.76,-16.94,-1.57,0.349,0.5268,0.5022,#588680,185.3,48
512,58.37,-19.22,-1.37,0.3833,0.5883,0.5573,#61968e,184.1,76
513,57.67,-14.67,0.36,0.4275,0.5724,0.5389,#6d9189,178.6,35
514,50.04,-24.39,-16.27,0.0156,0.5155,0.5719,#038391,213.7,27
515,43.45,-22.39,-13.46,0.0313,0.4455,0.487,#07717c,211.0,20
516,47.57,-9.51,-13.15,0.3084,0.4648,0.5275,#4e7686,234.1,42
517,52.24,-11.65,-11.57,0.3425,0.5148,0.5643,#57838f,224.8,52
518,47.39,-10.57,-3.84,0.3447,0.4623,0.4645,#577576,200.0,64
519,51.58,-9.4,-2.66,0.4004,0.5016,0.4986,#667f7f,195.8,88
